标题：,分享20套亚马逊各环节思维导图
作者：,跨境电商达人张
文章简介：,亚马逊运营除了日常会做些表格提高效率，也会做些思维导图让各环节的运营思路更清晰，今天整理了20套亚马逊思维导图，涵盖了亚马逊运营的各个细节，思维导图内容较多，大家可选择性查看。
文章内容：,"
亚马逊运营除了日常会做些表格提高效率，也会做些思维导图让各环节的运营思路更清晰，今天整理了20套亚马逊思维导图，涵盖了亚马逊运营的各个细节，思维导图内容较多，大家可选择性查看。
1.做亚马逊的流程
第一步选品及注册账号：

这里的收款方式手续费汇率有所调整，请大家以最新的为参考标准。
第二步：注册账号后的后台相关操作

第三步：头程物流选择（建议从安全"
文章内容：,"成本，时效，清关四个方面分析

第四步：售后

2.站内广告CPC

3.亚马逊帐号关联

4.新品推广图

5.商品推广

6.打造listing

7.品牌备案

8.广告整体知识整理

9.产品关联

10.跟卖

11.促销活动

12.产品主图

13.prime标识和Add-onItem标识

14.PPC知识及逻辑打法


15.CPC全阶运营

16.CPC流程规范化


17.CPC广告优化报表参量解析

18.Amazon团队架构思维导图

19.KYC审核要求


20.亚马逊问题大汇总
最后这张亚马逊问题大汇总图由于文件太大，微信公众号无法上传，暂时就截取部分内容。
绩效和评价：

setting："
