食物名称,热量,食物热量详情页
嘉顿 生命面包 450g,热量：284 大卡(每100克),http://www.boohee.com/shiwu/shengmingmaibaopaiquanmaiqiepianmianbao
包子(三鲜馅),热量：223 大卡(每100克),http://www.boohee.com/shiwu/baozi_sanxianxian
馒头，又叫手工馒头、大馒头,热量：223 大卡(每100克),http://www.boohee.com/shiwu/mantou_junzhi
油饼,热量：403 大卡(每100克),http://www.boohee.com/shiwu/youbing
Easy Fun 低脂全麦面包,热量：259 大卡(每100克),http://www.boohee.com/shiwu/fd6ac35c
Easy Fun 紫薯营养粥,热量：319 大卡(每100毫升),http://www.boohee.com/shiwu/fde8f0ff
单层汉堡(夹肉饼，加调料酱和蔬菜)，又叫汉堡,热量：256 大卡(每100克),http://www.boohee.com/shiwu/hanbaobao_putongxing_jiaroubing_jiadiaoliaojiangheshucai
紫薯，又叫甘薯（紫色）,热量：133 大卡(每100克),http://www.boohee.com/shiwu/zishu
米粉(干)，又叫粉,热量：349 大卡(每100克),http://www.boohee.com/shiwu/mifen
Easy Fun 鹰嘴豆,热量：162 大卡(每100克),http://www.boohee.com/shiwu/fdb36ec1
包子(猪肉馅),热量：227 大卡(每100克),http://www.boohee.com/shiwu/baozi_zhurouxian
米饭，又叫大米饭，饭，蒸米、锅巴饭、煮米饭,热量：116 大卡(每100克),http://www.boohee.com/shiwu/mifan_zheng
Easy Fun 高纤奇亚籽苏打饼干，又叫Easy Fun 高纤 奇亚籽苏打饼干、奇亚籽苏打咸味饼干、苏打饼干、EASY FUN 苏打饼干,热量：436 大卡(每100克),http://www.boohee.com/shiwu/fd47b857
白薯，又叫山芋、红皮山芋，地瓜、甘薯、红皮山芋,热量：106 大卡(每100克),http://www.boohee.com/shiwu/ganshu_baixin
大米，又叫稻米、米、生米,热量：346 大卡(每100克),http://www.boohee.com/shiwu/daomi_junzhi
全麦面包，又叫全麦面包、全麦吐司、全麦面包片、全麦土司,热量：254 大卡(每100克),http://www.boohee.com/shiwu/maipeimianbao
烙饼,热量：258 大卡(每100克),http://www.boohee.com/shiwu/laobing_biaozhunfen
花卷，又叫花之卷、大花卷、小花卷,热量：214 大卡(每100克),http://www.boohee.com/shiwu/huajuan
油条，又叫小油条,热量：388 大卡(每100克),http://www.boohee.com/shiwu/youtiao
曼可顿 全麦高纤维面包,热量：221 大卡(每100克),http://www.boohee.com/shiwu/mankedunquanmaigaoxianweimianbao2
Easy Fun 营养粉丝(香菇炖鸡)，又叫Easy Fun 营养粉丝（香菇炖鸡味）,热量：357 大卡(每100克),http://www.boohee.com/shiwu/fda3bd99
Easy Fun 营养粉丝(牛肉味噌味),热量：363 大卡(每100克),http://www.boohee.com/shiwu/fdbd0231
白粥，又叫白粥（粳米），稀饭，大米粥，白米粥，米粥，大米汤汤,热量：46 大卡(每100克),http://www.boohee.com/shiwu/jingmizhou
Easy Fun 营养粉丝(番茄鸡蛋)，又叫Easy Fun 营养粉丝（番茄鸡蛋味）,热量：348 大卡(每100克),http://www.boohee.com/shiwu/fd81135c
Easy Fun 低脂咖喱鸡饭,热量：179 大卡(每100克),http://www.boohee.com/shiwu/fd87825c
Easy Fun 抹茶红豆麦片,热量：381 大卡(每100克),http://www.boohee.com/shiwu/fd1f7c6f
Easy Fun 高蛋白微波蛋糕预拌粉(香浓可可味),热量：389 大卡(每100克),http://www.boohee.com/shiwu/fd42eab7
Easy Fun 红枣黑米圈(新包装),热量：392 大卡(每100克),http://www.boohee.com/shiwu/fd5ad4f9
Easy Fun 鸡肉松烤麦片,热量：455 大卡(每100克),http://www.boohee.com/shiwu/fdcdee28
Easy Fun 山药紫薯圈,热量：391 大卡(每100克),http://www.boohee.com/shiwu/fd3ce3a1
Easy Fun 姜汁薄脆,热量：446 大卡(每100克),http://www.boohee.com/shiwu/fd5320fd
Easy Fun 奇亚籽豆乳味威化饼干，又叫Easy Fun 奇亚籽豆乳味威化,热量：471 大卡(每100克),http://www.boohee.com/shiwu/fdc6c56a
Easy Fun 奇亚籽(新包装),热量：456 大卡(每100克),http://www.boohee.com/shiwu/fdad1c67
Easy Fun 营养粉丝(酸辣汤)，又叫Easy Fun 营养粉丝（酸辣汤味）,热量：347 大卡(每100克),http://www.boohee.com/shiwu/fde5ae8a
Easy Fun 益生菌谷谷巧克力球,热量：544 大卡(每100克),http://www.boohee.com/shiwu/fd329edf
Easy Fan 番茄牛肉轻火锅,热量：94 大卡(每100克),http://www.boohee.com/shiwu/fd71a539
Easy Fun 可可低脂脆,热量：388 大卡(每100克),http://www.boohee.com/shiwu/fd32f44d
Easy Fun 蛋白棒(英式红茶味),热量：390 大卡(每100克),http://www.boohee.com/shiwu/fd49707d
Easy Fun 蛋白棒(香浓可可味),热量：396 大卡(每100克),http://www.boohee.com/shiwu/fd8d2aa8
Easy Fun 榴莲果果麦片,热量：441 大卡(每100克),http://www.boohee.com/shiwu/fdc41987
黄油面包,热量：331 大卡(每100克),http://www.boohee.com/shiwu/huangyoumianbao
方便面，又叫泡面,热量：473 大卡(每100克),http://www.boohee.com/shiwu/fangbianmian
果料面包，又叫面包、水果面包,热量：279 大卡(每100克),http://www.boohee.com/shiwu/guoliaomianbao
红豆，又叫赤小豆、红小豆、红饭豆、米赤豆、赤豆、朱小豆、小豆，红小豆,热量：324 大卡(每100克),http://www.boohee.com/shiwu/chixiaodou
餐包，又叫小餐包、面包、豆沙小餐包,热量：284 大卡(每100克),http://www.boohee.com/shiwu/fashipeicanmianbao
烧饼(加糖),热量：298 大卡(每100克),http://www.boohee.com/shiwu/shaobing_jiatang
绿豆(干)，又叫青小豆、植豆、交豆,热量：329 大卡(每100克),http://www.boohee.com/shiwu/lvdou
薏米，又叫薏苡、薏苡仁、六谷米、苡米、薏仁米、沟子米、苡仁、薏仁、薏仁米，苡米,热量：361 大卡(每100克),http://www.boohee.com/shiwu/yimi
粉丝(干)，又叫细粉、线粉、丝粉、古称索粉,热量：338 大卡(每100克),http://www.boohee.com/shiwu/fensi
面条(标准粉，切面),热量：283 大卡(每100克),http://www.boohee.com/shiwu/miantiao_biaozhunfen_qiemian
麦维面包,热量：270 大卡(每100克),http://www.boohee.com/shiwu/maiweimianbao
蒙尔司 年糕(低糖桂花年糕)，又叫蒙尔司 低糖年糕（桂花糖年糕）、年糕,热量：156 大卡(每100克),http://www.boohee.com/shiwu/niangao
麦片,热量：368 大卡(每100克),http://www.boohee.com/shiwu/maipian
牛角面包，又叫面包、可颂、牛角包,热量：378 大卡(每100克),http://www.boohee.com/shiwu/fashiniujiaomianbao
红烧牛肉方便面(面饼+调味料+蔬菜+肉酱),热量：447 大卡(每100克),http://www.boohee.com/shiwu/hongshaoniuroufangbianmian_mianbingdiaoweiliaoshucairoujiang
双层奶酪汉堡(夹奶酪，双层肉饼、双层面包，加调料酱和蔬菜),热量：285 大卡(每100克),http://www.boohee.com/shiwu/ganlaohanbaobao_putongxing_jianailao_shuangcengroubing_shuangcengmianbao_jiadiao
山药，又叫薯蓣、山芋、诸薯、延草、薯药、大薯、薯蓣，大薯,热量：57 大卡(每100克),http://www.boohee.com/shiwu/shanyao
炒饭，又叫炒米饭,热量：188 大卡(每100克),http://www.boohee.com/shiwu/shijinchaofan
芋头，又叫芋艿、毛芋、芋艿、毛芋头,热量：56 大卡(每100克),http://www.boohee.com/shiwu/yutou
葡萄干面包，又叫面包,热量：260 大卡(每100克),http://www.boohee.com/shiwu/putaoganmianbao
稀饭，又叫白粥（籼米），大米粥，白米粥,热量：59 大卡(每100克),http://www.boohee.com/shiwu/xianmizhou
鲜玉米，又叫玉米（鲜）、苞谷、珍珠米、棒子、玉蜀黍、苞米、六谷、,热量：112 大卡(每100克),http://www.boohee.com/shiwu/yumi_xian
燕麦片，又叫燕麦,热量：338 大卡(每100克),http://www.boohee.com/shiwu/yanmaipian
面条(生)，又叫面,热量：301 大卡(每100克),http://www.boohee.com/shiwu/miantiao_junzhi
煮面条，又叫面、水煮面、面条（煮）,热量：107 大卡(每100克),http://www.boohee.com/shiwu/miantiao_fuqiangfen_zhu
籼米粉，又叫米线、米粉、粉、排米粉,热量：356 大卡(每100克),http://www.boohee.com/shiwu/xianmifen
面包,热量：313 大卡(每100克),http://www.boohee.com/shiwu/mianbao_junzhi
红薯，又叫地瓜、番薯、甘薯、山芋、红薯,热量：86 大卡(每100克),http://www.boohee.com/shiwu/ganshu_hongxin
小米粥,热量：46 大卡(每100克),http://www.boohee.com/shiwu/xiaomizhou
马铃薯，又叫土豆、洋芋、地蛋、山药蛋、洋番薯、土豆、洋芋,热量：81 大卡(每100克),http://www.boohee.com/shiwu/malingshu
炒上海青，又叫炒青菜,热量：53 大卡(每100克),http://www.boohee.com/shiwu/chaoqingcai
番茄炒蛋，又叫番茄炒鸡蛋、西红柿炒蛋、柿子炒鸡蛋、番茄炒鸡蛋、西红柿炒鸡蛋、西虹市炒鸡蛋、番茄炒蛋,热量：74 大卡(每100克),http://www.boohee.com/shiwu/fanqiechaodan
鸡蛋羹，又叫蒸蛋,热量：60 大卡(每100克),http://www.boohee.com/shiwu/qingzhengjidangeng
绿豆汤,热量：37 大卡(每100毫升),http://www.boohee.com/shiwu/lvdoutang
素炒小白菜，又叫小青菜,热量：43 大卡(每100克),http://www.boohee.com/shiwu/suchaoxiaobaicai
烧茄子,热量：74 大卡(每100克),http://www.boohee.com/shiwu/shaoqiezi
绿豆粥，又叫绿豆稀饭,热量：48 大卡(每100毫升),http://www.boohee.com/shiwu/lvdouzhou
菜包子，又叫香菇菜包、菜包子、素包子、素包、香菇青菜包、素菜包、香菇青菜包、香菇包子,热量：130 大卡(每100克),http://www.boohee.com/shiwu/xiangguqingcaibaozi
蛋炒饭，又叫黄金炒饭、蛋炒饭,热量：143 大卡(每100克),http://www.boohee.com/shiwu/danchaofan
红烧鳓鱼,热量：216 大卡(每100克),http://www.boohee.com/shiwu/hongshaoyu
Henry's Market 有机热狗面包,热量：158 大卡(每100克),http://www.boohee.com/shiwu/HenryhishiMarkethiyoujiregoumi
厨乐 意大利面(烟斗型)，又叫ZARA 意大利面（烟斗型）,热量：358 大卡(每100克),http://www.boohee.com/shiwu/pastahiZARAhichulehiyidalimian_yandouxing
Burgen黑麦消化面包,热量：232 大卡(每100克),http://www.boohee.com/shiwu/Burgenheimaixiaohuamianbao
非凡农庄 PEPPERBRIDGE全麦面包(低脂低卡)，又叫Pepperidge farm PEPPERBRIDGE全麦面包（低脂低卡）,热量：211 大卡(每100克),http://www.boohee.com/shiwu/pepperbridgequanmaimianbao_diz
乐天 DIGET原味全麦饼干，又叫Lotte DIGET原味全麦饼干,热量：483 大卡(每100克),http://www.boohee.com/shiwu/hanguoletianDigetyuanweiquanma
北海道速食五谷片,热量：376 大卡(每100克),http://www.boohee.com/shiwu/beihaidaosushiwugupian
寿桃 牌乌冬面,热量：152 大卡(每100克),http://www.boohee.com/shiwu/shoutaohuiwudongmian
顶味 韩式海鲜面,热量：302 大卡(每100克),http://www.boohee.com/shiwu/dingweihanshihaixianmian
家乐氏 SPECIALK蜂蜜燕麦麦片，又叫Kellogg's SPECIALK蜂蜜燕麦麦片,热量：379 大卡(每100克),http://www.boohee.com/shiwu/KellogghishiSpecialhiKhifengmi
露澳牌意大利硬质小麦面,热量：359 大卡(每100克),http://www.boohee.com/shiwu/luaopaiyidaliyingzhixiaomaimia
Easy Fun 低脂鸡蛋干(五香味),热量：145 大卡(每100克),http://www.boohee.com/shiwu/fdebfdd6
Easy Fun 低脂鸡蛋干(山椒味),热量：125 大卡(每100克),http://www.boohee.com/shiwu/fd4a994d
Easy Fun 低脂蛋清鸡肉饼(原味),热量：139 大卡(每100克),http://www.boohee.com/shiwu/fda126a3
Easy Fun 低脂鸡胸肉肠(黑椒味),热量：122 大卡(每100克),http://www.boohee.com/shiwu/fd988b08
草鱼，又叫鲩鱼、混子、草鲩、草包鱼、草根鱼、草青、白鲩,热量：113 大卡(每100克),http://www.boohee.com/shiwu/caoyu
鸡蛋(土鸡),热量：138 大卡(每100克),http://www.boohee.com/shiwu/jidan_tuji
鸡蛋(白皮),热量：138 大卡(每100克),http://www.boohee.com/shiwu/jidan_baipi
鸡蛋(红皮),热量：156 大卡(每100克),http://www.boohee.com/shiwu/jidan_hongpi
鸡腿，又叫鸡腿肉,热量：146 大卡(每100克),http://www.boohee.com/shiwu/jitui
酱牛肉,热量：246 大卡(每100克),http://www.boohee.com/shiwu/jiangniurou
Easy Fun 高蛋白小酥鱼(藤椒味),热量：351 大卡(每100克),http://www.boohee.com/shiwu/fdc19ab3
鸡蛋，又叫鸡子、鸡卵、蛋,热量：139 大卡(每100克),http://www.boohee.com/shiwu/jidan_junzhi
Easy Fun 低脂鸡胸肉肠(香辣味),热量：136 大卡(每100克),http://www.boohee.com/shiwu/fd7a0fa9
Easy Fun 鸡胸肉丝(原味),热量：418 大卡(每100克),http://www.boohee.com/shiwu/fda82c33
Easy Fun 低脂鸡胸肉(黑椒味),热量：134 大卡(每100克),http://www.boohee.com/shiwu/fd1c845f
Easy Fun 低脂鸡胸肉(香辣味),热量：130 大卡(每100克),http://www.boohee.com/shiwu/fd4a70b4
Easy Fun 低脂鸡肉丸(原味)，又叫Easy Fun 低脂鸡肉丸（原味）、Easy Fun 低脂鸡胸肉丸（原味）,热量：93 大卡(每100克),http://www.boohee.com/shiwu/fd4e5f89
Easy Fun 高蛋白小酥鱼(海苔味)，又叫Easy Fun 高蛋白海苔鱼酥,热量：305 大卡(每100克),http://www.boohee.com/shiwu/fde9dde4
Easy Fun 低脂鸡胸肉肠(原味),热量：131 大卡(每100克),http://www.boohee.com/shiwu/fd041822
猪小排，又叫排骨、猪排、猪脊骨,热量：295 大卡(每100克),http://www.boohee.com/shiwu/zhuxiaopai
玛丽娅妈妈早餐麦片,热量：338 大卡(每100克),http://www.boohee.com/shiwu/maliyamamazaocanmaipian
莲花低筋面粉,热量：362 大卡(每100克),http://www.boohee.com/shiwu/lianhuadijinmianfen
宾堡甜奶油切片面包,热量：301 大卡(每100克),http://www.boohee.com/shiwu/binbaotiannaiyouqiepianmianbao
陈克明 可爱宝宝胡萝卜挂面,热量：346 大卡(每100克),http://www.boohee.com/shiwu/chenkemingkeaibaobaohuluobogua
PASTA厨乐 意大利面(#111菠菜面)，又叫PASTAZARA 意大利面（#111菠菜面）,热量：355 大卡(每100克),http://www.boohee.com/shiwu/PastahiZarachuleyidalimian_hi1
Golden 90%全麦土司,热量：257 大卡(每100克),http://www.boohee.com/shiwu/Goldenhi90quanmaitusi
麦阿姨担担面,热量：352 大卡(每100克),http://www.boohee.com/shiwu/maiayidandanmian
万基 澳洲农庄特浓牛奶燕麦片，又叫萬基澳洲农庄特浓牛奶燕麦片,热量：298 大卡(每100克),http://www.boohee.com/shiwu/wanjiaozhounongzhuangtenongniu
宾堡 原生黑麦切片面包(红豆入味)320g,热量：251 大卡(每100克),http://www.boohee.com/shiwu/binbaoyuanshengheimaiqiepianmi
金粉香港全蛋面(非油炸),热量：371 大卡(每100克),http://www.boohee.com/shiwu/jinfenxianggangquandanmian_fei
盐水虾，又叫焖鲜虾,热量：92 大卡(每100克),http://www.boohee.com/shiwu/yanshuixia
清炒绿豆芽，又叫有机活体豆苗、炒绿豆芽,热量：44 大卡(每100克),http://www.boohee.com/shiwu/chaolvdouya
葱油饼，又叫葱花饼、葱油饼,热量：259 大卡(每100克),http://www.boohee.com/shiwu/congyoubing
清炒西葫芦，又叫炒西葫、西葫芦丝,热量：42 大卡(每100克),http://www.boohee.com/shiwu/qingchaoxihulu
西红柿鸡蛋面，又叫番茄蛋面、番茄鸡蛋面,热量：98 大卡(每100克),http://www.boohee.com/shiwu/xihongshijidanmian
酸辣土豆丝,热量：122 大卡(每100克),http://www.boohee.com/shiwu/suanlatudousi
红烧肉,热量：513 大卡(每100克),http://www.boohee.com/shiwu/hongshaorou
韭菜包子,热量：171 大卡(每100克),http://www.boohee.com/shiwu/jiucaibaozi
卤蛋，又叫卤鸡蛋,热量：148 大卡(每100克),http://www.boohee.com/shiwu/lujidan
清炒土豆丝,热量：95 大卡(每100克),http://www.boohee.com/shiwu/qingchaotudousi
咸面包,热量：275 大卡(每100克),http://www.boohee.com/shiwu/xianmianbao
黑芝麻汤圆，又叫元宵、汤圆、芝麻汤圆,热量：311 大卡(每100克),http://www.boohee.com/shiwu/heizhimatangyuan
黑米,热量：341 大卡(每100克),http://www.boohee.com/shiwu/heimi
煮芋头，又叫芋头(煮),热量：60 大卡(每100克),http://www.boohee.com/shiwu/yutou_zhu
多维面包,热量：316 大卡(每100克),http://www.boohee.com/shiwu/duoweimianbao
小麦粉(标准粉)，又叫面粉，小麦标准粉,热量：362 大卡(每100克),http://www.boohee.com/shiwu/xiaomaifen_biaozhunfen
澳洲燕麦片,热量：359 大卡(每100克),http://www.boohee.com/shiwu/aozhouyanmaipian
玉米面(黄),热量：350 大卡(每100克),http://www.boohee.com/shiwu/yumimian_huang
挂面,热量：353 大卡(每100克),http://www.boohee.com/shiwu/guamian_junzhi
粉条(干),热量：338 大卡(每100克),http://www.boohee.com/shiwu/fentiao
荷包蛋(油煎)，又叫荷包蛋、煎蛋、煎荷包蛋、煎鸡蛋,热量：195 大卡(每100克),http://www.boohee.com/shiwu/hebaodan_youjian
咸鸭蛋，又叫盐蛋、腌蛋、味蛋,热量：190 大卡(每100克),http://www.boohee.com/shiwu/xianyadan
猪肉(肥瘦)，又叫豕肉、彘肉,热量：395 大卡(每100克),http://www.boohee.com/shiwu/zhurou_feishou
瓦罐鸡汤(含料)，又叫瓦罐汤,热量：190 大卡(每100克),http://www.boohee.com/shiwu/waguanjitang_rou
瓦罐鸡汤(无料),热量：27 大卡(每100克),http://www.boohee.com/shiwu/waguanjitang_tang
猪小排(良杂猪),热量：351 大卡(每100克),http://www.boohee.com/shiwu/zhuxiaopai_liangzazhu
猪肉(奶脯)，又叫软五花、奶脯、五花肉,热量：349 大卡(每100克),http://www.boohee.com/shiwu/zhurou_naifu
猪大排，又叫猪排,热量：264 大卡(每100克),http://www.boohee.com/shiwu/zhudapai
牛肉(腑肋)，又叫牛腩,热量：123 大卡(每100克),http://www.boohee.com/shiwu/niurou_fulei
Easy Fun 低脂鸡胸肉肠,热量：142 大卡(每100克),http://www.boohee.com/shiwu/fdb9c7b6
鸡(土鸡，家养),热量：124 大卡(每100克),http://www.boohee.com/shiwu/ji_tuji_jiayang
鸡(母鸡，一年内),热量：256 大卡(每100克),http://www.boohee.com/shiwu/muji_yiniannei
鸡(肉鸡，肥),热量：389 大卡(每100克),http://www.boohee.com/shiwu/rouji_fei
虾，又叫对虾、鲜虾仁、虾仁,热量：93 大卡(每100克),http://www.boohee.com/shiwu/fd5d8dea
鸭肉，又叫鸭子、鹜肉、家凫肉,热量：240 大卡(每100克),http://www.boohee.com/shiwu/ya_junzhi
猪蹄，又叫猪脚、猪手、猪蹄爪,热量：260 大卡(每100克),http://www.boohee.com/shiwu/zhuti
猪肉(瘦)，又叫猪精肉，瘦肉,热量：143 大卡(每100克),http://www.boohee.com/shiwu/zhurou_shou
鸡蛋白(鸡蛋清)，又叫鸡蛋白、鸡蛋清、蛋清、蛋白,热量：60 大卡(每100克),http://www.boohee.com/shiwu/jidanbai_jidanqing
火腿肠,热量：212 大卡(每100克),http://www.boohee.com/shiwu/huotuichang
鸡胸肉，又叫鸡柳肉、鸡里脊肉、鸡胸、鸡胸脯肉,热量：118 大卡(每100克),http://www.boohee.com/shiwu/jixiongfurou
肯德基 新奥尔良烤翅，又叫KFC 新奥尔良烤翅,热量：240 大卡(每100克),http://www.boohee.com/shiwu/xinaoerliangjichi_kendeji
黄鱼(小黄花鱼)，又叫小黄花鱼、黄花鱼、花鱼、小鲜,热量：99 大卡(每100克),http://www.boohee.com/shiwu/huangyu_xiaohuanghuayu
青鱼，又叫青皮鱼、青鳞鱼、青混、鲭、黑鲩、螺狮青、青皮鱼、青鳞鱼、青混,热量：118 大卡(每100克),http://www.boohee.com/shiwu/qingyu
鸭蛋，又叫鸭卵,热量：180 大卡(每100克),http://www.boohee.com/shiwu/yadan
猪肉松，又叫肉松,热量：316 大卡(每100克),http://www.boohee.com/shiwu/zhurousong_junzhi
麦当劳 麦香鱼,热量：253 大卡(每100克),http://www.boohee.com/shiwu/maidanglaomaixiangyu
猪血，又叫液体肉、血豆腐、血花,热量：55 大卡(每100克),http://www.boohee.com/shiwu/zhuxue
冻虾仁，又叫冷冻虾仁,热量：48 大卡(每100克),http://www.boohee.com/shiwu/xiaren_hong
猪肉(肋条肉),热量：568 大卡(每100克),http://www.boohee.com/shiwu/zhurou_leitiaorou
虾皮,热量：153 大卡(每100克),http://www.boohee.com/shiwu/xiapi
鱼丸，又叫鱼丸子、鱼丸鱼蛋,热量：107 大卡(每100克),http://www.boohee.com/shiwu/yuwan
香肠，又叫腊肠、南肠、灌肠,热量：508 大卡(每100克),http://www.boohee.com/shiwu/xiangchang
肯德基 吮指原味鸡，又叫KFC 吮指原味鸡,热量：346 大卡(每100克),http://www.boohee.com/shiwu/kendejishunzhiyuanweiji
鲫鱼，又叫河鲫、鲋鱼、喜头、鲫瓜子、喜头鱼、海附鱼、童子鲫、鲭、喜头鱼、海附鱼,热量：108 大卡(每100克),http://www.boohee.com/shiwu/jiyu
火腿，又叫兰熏、熏蹄、南腿,热量：330 大卡(每100克),http://www.boohee.com/shiwu/huotui
牛肉干，又叫牛干巴,热量：550 大卡(每100克),http://www.boohee.com/shiwu/niurougan
咸鸭蛋(煮),热量：177 大卡(每100克),http://www.boohee.com/shiwu/xianyadan_zhu
鸡翅，又叫鸡翼、大转弯,热量：202 大卡(每100克),http://www.boohee.com/shiwu/jichi
烤鸡，又叫吊烧鸡,热量：265 大卡(每100克),http://www.boohee.com/shiwu/kaoji
热狗肠,热量：307 大卡(每100克),http://www.boohee.com/shiwu/regouchang
羊肉串(烤),热量：206 大卡(每100克),http://www.boohee.com/shiwu/yangrouchuan_kao
基围虾，又叫南美虾,热量：101 大卡(每100克),http://www.boohee.com/shiwu/jiweixia
猪肝,热量：126 大卡(每100克),http://www.boohee.com/shiwu/zhugan
鸭胸脯肉,热量：90 大卡(每100克),http://www.boohee.com/shiwu/yaxiongfurou
虾虎，又叫虾虎、琵琶虾、虾蛄、虾爬子,热量：81 大卡(每100克),http://www.boohee.com/shiwu/xiahu
羊肉(肥瘦)，又叫山羊肉、绵羊肉、羊腰窝肉、羊腩,热量：203 大卡(每100克),http://www.boohee.com/shiwu/yangrou_feishou
花蛤蜊，又叫花甲,热量：45 大卡(每100克),http://www.boohee.com/shiwu/huageli
墨鱼丸,热量：128 大卡(每100克),http://www.boohee.com/shiwu/moyuwan
黄鱼(大黄花鱼)，又叫大黄花鱼、黄鱼、大鲜、大王鱼、金龙、石首鱼、石头鱼,热量：97 大卡(每100克),http://www.boohee.com/shiwu/huangyu_dahuanghuayu
带鱼，又叫刀鱼、裙带鱼、牙带、白带鱼、柳鞭鱼、带柳、晦刀鱼、白带鱼、刀鱼,热量：127 大卡(每100克),http://www.boohee.com/shiwu/daiyu
猪肉脯,热量：378 大卡(每100克),http://www.boohee.com/shiwu/zhuroufu
广式腊肠,热量：584 大卡(每100克),http://www.boohee.com/shiwu/lachang
罗非鱼，又叫吴郭鱼、越南鱼、非洲鲫鱼、福寿鱼、尼罗鱼,热量：98 大卡(每100克),http://www.boohee.com/shiwu/luofeiyu
鳕鱼，又叫鳕狭、明太鱼、大头青、大口鱼、大头鱼、大头腥、鳕狭、明太鱼,热量：88 大卡(每100克),http://www.boohee.com/shiwu/xueyu
午餐肉,热量：229 大卡(每100克),http://www.boohee.com/shiwu/wucanrou
鸭肝,热量：128 大卡(每100克),http://www.boohee.com/shiwu/yagan
猪肝(卤煮),热量：203 大卡(每100克),http://www.boohee.com/shiwu/zhugan_luzhu
鸡肝,热量：121 大卡(每100克),http://www.boohee.com/shiwu/jigan
鲈鱼，又叫鲈花、鲈板、鲈子鱼、寨花、四腮鱼、鲁鱼、花糜、鲈花,热量：105 大卡(每100克),http://www.boohee.com/shiwu/luyu
对虾，又叫大虾,热量：93 大卡(每100克),http://www.boohee.com/shiwu/duixia
鹌鹑蛋，又叫鹑鸟蛋、鹌鹑卵,热量：160 大卡(每100克),http://www.boohee.com/shiwu/anchundan
鲤鱼，又叫龙门鱼、鲤拐子、赤鲤、黄鲤、白鲤、赖鲤、鲤拐子,热量：109 大卡(每100克),http://www.boohee.com/shiwu/liyu
明虾,热量：85 大卡(每100克),http://www.boohee.com/shiwu/mingxia
北京烤鸭,热量：436 大卡(每100克),http://www.boohee.com/shiwu/beijingkaoya
鱼片干,热量：303 大卡(每100克),http://www.boohee.com/shiwu/yupiangan
鸡爪，又叫鸡掌、凤爪、鸡脚、凤足,热量：254 大卡(每100克),http://www.boohee.com/shiwu/jizhua
鸡蛋黄，又叫蛋黄,热量：328 大卡(每100克),http://www.boohee.com/shiwu/jidanhuang
无油煎蛋，又叫煎蛋,热量：164 大卡(每100克),http://www.boohee.com/shiwu/hebaodan_zhu
叉烧肉,热量：196 大卡(每100克),http://www.boohee.com/shiwu/chashaorou
广东香肠,热量：433 大卡(每100克),http://www.boohee.com/shiwu/guangdongxiangchang
烧麦，又叫烧卖、糯米烧卖,热量：220 大卡(每100克),http://www.boohee.com/shiwu/shaomai
炒大白菜，又叫大白菜,热量：53 大卡(每100克),http://www.boohee.com/shiwu/chaodabaicai
西红柿鸡蛋汤，又叫西红柿蛋汤、西红柿蛋花汤,热量：32 大卡(每100毫升),http://www.boohee.com/shiwu/xihongshijidantang
大饼，又叫饼，家常饼，死面饼,热量：208 大卡(每100克),http://www.boohee.com/shiwu/dabing
清蒸鱼，又叫清蒸鱼、蒸鱼、鱼、蒸洄鱼,热量：106 大卡(每100克),http://www.boohee.com/shiwu/qingzhengyu
酸菜鱼，又叫酸汤鱼、酸辣鱼、酸菜鱼,热量：98 大卡(每100克),http://www.boohee.com/shiwu/suancaiyu
寿司 自制1，又叫寿司卷,热量：141 大卡(每100克),http://www.boohee.com/shiwu/shousijuanhihifebruaryzizhi
麻婆豆腐，又叫麻婆豆腐,热量：126 大卡(每100克),http://www.boohee.com/shiwu/mapodoufu
牛肉面，又叫兰州拉面、牛腩面、牛肉拌面,热量：102 大卡(每100克),http://www.boohee.com/shiwu/niuroumian
烧包菜丝,热量：48 大卡(每100克),http://www.boohee.com/shiwu/shaobaocaisi
脆皮肠,热量：302 大卡(每100克),http://www.boohee.com/shiwu/cuipichang
酱鸭，又叫鸭肉,热量：266 大卡(每100克),http://www.boohee.com/shiwu/jiangya
河虾,热量：87 大卡(每100克),http://www.boohee.com/shiwu/hexia
鸭翅，又叫鸭肉、老卤鸭翅,热量：146 大卡(每100克),http://www.boohee.com/shiwu/yachi
培根(熏肉),热量：181 大卡(每100克),http://www.boohee.com/shiwu/larou_peigen
麦当劳 麦乐鸡，又叫麦乐鸡 麦当劳鸡块,热量：281 大卡(每100克),http://www.boohee.com/shiwu/maidanglaohimaileji_5kuaizhuan
虾米，又叫海米、金钩、开洋、海米、虾仁,热量：198 大卡(每100克),http://www.boohee.com/shiwu/xiami
麦当劳 香骨鸡腿,热量：217 大卡(每100克),http://www.boohee.com/shiwu/fdc11eae
麦当劳 麦辣鸡翅,热量：210 大卡(每100克),http://www.boohee.com/shiwu/mailajichi4kuai_maidanglao
麦当劳 那么大鸡小块,热量：257 大卡(每100克),http://www.boohee.com/shiwu/fd710c89
酸奶,热量：70 大卡(每100毫升),http://www.boohee.com/shiwu/suannai_junzhi
牛奶，又叫纯牛奶、牛乳、全脂牛奶,热量：65 大卡(每100毫升),http://www.boohee.com/shiwu/niuru_junzhi
无糖全脂拿铁，又叫拿铁咖啡、拿铁（全脂，无糖）,热量：44 大卡(每100毫升),http://www.boohee.com/shiwu/fdbb1893
奶酪，又叫乳酪、芝士、起司、计司,热量：328 大卡(每100克),http://www.boohee.com/shiwu/nailao
酸奶(中脂),热量：64 大卡(每100毫升),http://www.boohee.com/shiwu/suannai_zhongzhi
脱脂奶粉,热量：361 大卡(每100克),http://www.boohee.com/shiwu/tuozhinaifen
酸奶(调味),热量：88 大卡(每100毫升),http://www.boohee.com/shiwu/suannai_diaowei
酸奶(果料)，又叫果料酸奶,热量：67 大卡(每100毫升),http://www.boohee.com/shiwu/suannai_guoliao
酸奶(果粒)，又叫果粒酸奶,热量：98 大卡(每100毫升),http://www.boohee.com/shiwu/suannai_guoli
蒙牛 高钙牛奶，又叫蒙牛袋装高钙牛奶,热量：59 大卡(每100毫升),http://www.boohee.com/shiwu/mengniugaogainiunai
光明 e+益生菌酸牛奶(原味)220ml (袋装),热量：45 大卡(每100毫升),http://www.boohee.com/shiwu/guangmingeyishengjunsuanniunai_yuanwei
早餐奶,热量：68 大卡(每100毫升),http://www.boohee.com/shiwu/zaocannai
酸奶(高蛋白),热量：62 大卡(每100毫升),http://www.boohee.com/shiwu/suannai_gaodanbai
奶片,热量：472 大卡(每100克),http://www.boohee.com/shiwu/naipian
全脂牛奶粉,热量：478 大卡(每100克),http://www.boohee.com/shiwu/quanzhiniunaifen
光明 纯牛奶，又叫光明牛奶,热量：66 大卡(每100毫升),http://www.boohee.com/shiwu/fded1a79
光明 优倍 高品质鲜牛奶，又叫光明 优倍高品质鲜牛奶,热量：65 大卡(每100毫升),http://www.boohee.com/shiwu/fd962a6c
光明 优倍 0脂肪 高品质脱脂鲜牛奶,热量：35 大卡(每100毫升),http://www.boohee.com/shiwu/fd460d85
光明 优倍 0乳糖 巴士杀菌调制乳,热量：67 大卡(每100毫升),http://www.boohee.com/shiwu/fdb14fc7
光明 致优 全鲜乳，又叫光明 致优全鲜乳,热量：63 大卡(每100毫升),http://www.boohee.com/shiwu/fdb47466
光明 芦荟酸奶,热量：87 大卡(每100毫升),http://www.boohee.com/shiwu/guangmingluhuisuannai
伊利 酸牛奶(原味),热量：87 大卡(每100毫升),http://www.boohee.com/shiwu/yilisuanniunai
全脂速溶奶粉,热量：466 大卡(每100克),http://www.boohee.com/shiwu/quanzhisurongnaifen
雀巢 高钙高铁奶粉，又叫Nestle 高钙高铁奶粉,热量：416 大卡(每100克),http://www.boohee.com/shiwu/quechaogaogaigaotienaifen
伊利 大果粒酸牛奶(红茶+草莓+椰果),热量：92 大卡(每100毫升),http://www.boohee.com/shiwu/yilidaguolisuanniunai
光明 奶酪(牌),热量：348 大卡(每100克),http://www.boohee.com/shiwu/nailao_guangmingpai
伊利 优品嘉人优酪乳酸牛奶,热量：78 大卡(每100毫升),http://www.boohee.com/shiwu/yiliyoupinjiarenyoulaoru
光明 优＋高品质牛奶(利乐枕),热量：62 大卡(每100毫升),http://www.boohee.com/shiwu/guangmingyouhigaopinzhiniunai
完达山 牛奶(牌)，又叫牛乳（完达山牌）,热量：60 大卡(每100毫升),http://www.boohee.com/shiwu/niuru_wandashanpai
蒙牛 冠益乳特品酸牛奶(原味)，又叫蒙牛冠益乳酸牛奶（原味）,热量：85 大卡(每100毫升),http://www.boohee.com/shiwu/mengniuguanyirutepinsuanniunaiyuanwei
蒙牛 冠益乳冠菌优酪乳酸牛奶(原味)瓶装560g,热量：85 大卡(每100毫升),http://www.boohee.com/shiwu/guanyiruguanjunyoulaorusuanniunai_yuanwei
光明 90%低脂鲜牛奶,热量：18 大卡(每100毫升),http://www.boohee.com/shiwu/guangming90hituozhixianniunai
伊利 早餐奶酪(原味),热量：287 大卡(每100克),http://www.boohee.com/shiwu/yiliyuanweizaocannailao
光明汉方草本酸牛奶,热量：91 大卡(每100毫升),http://www.boohee.com/shiwu/guangminghanfangcaobensuanniunai
达能 原味酸牛奶，又叫Danone 原味酸牛奶,热量：58 大卡(每100毫升),http://www.boohee.com/shiwu/danengyuanweisuanniunai
婴儿奶粉,热量：443 大卡(每100克),http://www.boohee.com/shiwu/yingernaifen
卡士 鲜酪乳 果味酸牛乳(粟米),热量：73 大卡(每100毫升),http://www.boohee.com/shiwu/kashihixianlaoruhiguoweisuanniuru_sumi
伊利 全脂奶粉(牌),热量：504 大卡(每100克),http://www.boohee.com/shiwu/quanzhinaifen_yilipai
纽麦福 低脂高钙奶，又叫 Meadow Fresh 低脂高钙奶,热量：61 大卡(每100毫升),http://www.boohee.com/shiwu/MeadowFreshdizhigaogainai
光明 小小健康成长奶酪,热量：190 大卡(每100克),http://www.boohee.com/shiwu/xiaoxiaoguangmingjiankangchengchangnailao
卡夫 牛奶(巧克力味， 牌)，又叫牛奶（巧克力味，Kraft 牌）,热量：80 大卡(每100克),http://www.boohee.com/shiwu/niunai_qiaokeliwei_kafupai
法国百吉福 低脂芝士片，又叫法国百吉福低脂芝士片,热量：195 大卡(每100克),http://www.boohee.com/shiwu/faguobaijifudizhizhishipian
君乐宝 东方知味红枣酸牛奶,热量：61 大卡(每100毫升),http://www.boohee.com/shiwu/junlebaodongfangzhiweihongzaosuanniunai
伊利 畅轻酸奶(草莓果粒)瓶装580g,热量：103 大卡(每100毫升),http://www.boohee.com/shiwu/yilichangqingsuannaicaomeiguoli
三元 牛奶(巧克力味，牌),热量：74 大卡(每100毫升),http://www.boohee.com/shiwu/niunai_qiaokeliwei_sanyuanpai
雀巢 全脂甜炼乳( )，又叫全脂甜炼乳（Nestle ）,热量：380 大卡(每100克),http://www.boohee.com/shiwu/quanzhitianlianru_quechao
光明无蔗糖酸奶(桶装),热量：60 大卡(每100毫升),http://www.boohee.com/shiwu/guangmingwuzhetangsuannai_tongzhuang
骑士 奶酪(牌),热量：386 大卡(每100克),http://www.boohee.com/shiwu/nailao_qishipai
光明 畅优优酪乳酸牛奶(原味)，又叫光明 畅优 优酪乳酸牛奶（原味）,热量：85 大卡(每100毫升),http://www.boohee.com/shiwu/guangmingchangyouyoulaorusuanniunaiyuanwei
伊利 大果粒酸牛奶(绿茶+蒟蒻+椰果) 大杯260g,热量：92 大卡(每100毫升),http://www.boohee.com/shiwu/yilidaguolisuanniunai_lvchajuruoyeguo
蒙牛 缔芝特低脂早餐奶酪,热量：204 大卡(每100克),http://www.boohee.com/shiwu/mengniudizhitezaocannailao
雀巢 全脂甜奶粉，又叫Nestle 全脂甜奶粉,热量：462 大卡(每100克),http://www.boohee.com/shiwu/quechaoquanzhitiannaifen
牛奶(乐百氏牌)，又叫牛乳（乐百氏牌）,热量：67 大卡(每100毫升),http://www.boohee.com/shiwu/niuru_lebaishipai
伊利 早餐奶酪(高钙),热量：263 大卡(每100克),http://www.boohee.com/shiwu/yilizaocangaogainailao
味全 优酪乳酸牛奶健康粗粮(蓝莓口味),热量：84 大卡(每100毫升),http://www.boohee.com/shiwu/weiquanyoulaorusuanniunai_jiankangculianghihilanmeikouwei
卡士 鲜酪乳调味酸牛乳(原味),热量：82 大卡(每100毫升),http://www.boohee.com/shiwu/kashixianlaoru
光明 健能草莓果粒酸牛奶 100g,热量：87 大卡(每100毫升),http://www.boohee.com/shiwu/guangmingjiannengcaomeiguolisuanniunai
光明 红枣酸奶,热量：92 大卡(每100毫升),http://www.boohee.com/shiwu/guangminghongzaosuannai
蒙牛 酸牛奶(原味),热量：85 大卡(每100毫升),http://www.boohee.com/shiwu/mengniutongzhuangyuanweisuanniunai
伊利 益生菌酸牛奶,热量：98 大卡(每100毫升),http://www.boohee.com/shiwu/yiliyishengjunsuanniunai
全脂加糖奶粉,热量：490 大卡(每100克),http://www.boohee.com/shiwu/quanzhijiatangnaifen
蒙牛 酸牛奶(草莓味)罐装950ml(盒装),热量：85 大卡(每100毫升),http://www.boohee.com/shiwu/mengniucaomeiweisuanniunai
雀巢 高纤高钙奶粉，又叫雀巢/Nestle  高纤高钙奶粉 400g、Nestle 高纤高钙奶粉,热量：428 大卡(每100克),http://www.boohee.com/shiwu/quechaopaigaoxiangaogainaifen
味全 优酪乳(原味),热量：88 大卡(每100毫升),http://www.boohee.com/shiwu/weiquanyoulaoru_yuanwei
蒙牛 冠益乳特品酸牛奶木糖醇味,热量：63 大卡(每100毫升),http://www.boohee.com/shiwu/mengniuguanyirutepinsuanniunaimutangchunwei
伊利优品嘉人优酪乳·酸牛奶[焕颜蓝莓],热量：78 大卡(每100毫升),http://www.boohee.com/shiwu/yiliyoulaoru_youpinjiaren_huanyanlanmei
低脂奶粉,热量：425 大卡(每100克),http://www.boohee.com/shiwu/dizhinaifen_gaogaigaotie_yilipai
伊利 畅轻酸奶(黄桃果粒)瓶装580g,热量：103 大卡(每100毫升),http://www.boohee.com/shiwu/yilichangqingsuannaihuangtaoguoli
蒙牛 酸牛奶(原味) ,热量：85 大卡(每100毫升),http://www.boohee.com/shiwu/mengniuyuanweisuanniunai
奶粉(多维奶粉)，又叫奶粉,热量：484 大卡(每100克),http://www.boohee.com/shiwu/niurufen_duoweinaifen
光明 减脂90%鲜牛奶,热量：32 大卡(每100毫升),http://www.boohee.com/shiwu/guangmingjianzhi90xianniunai
君乐宝 高钙无蔗糖酸牛奶,热量：45 大卡(每100毫升),http://www.boohee.com/shiwu/junlebaogaogaiwuzhetangsuanniunai
学生奶,热量：66 大卡(每100毫升),http://www.boohee.com/shiwu/xueshengnai
银桥 益生菌酸牛奶(原味),热量：78 大卡(每100毫升),http://www.boohee.com/shiwu/yinqiaoyishengjunsuanniunai
伊利ABLS益生菌酸牛奶－无蔗糖,热量：54 大卡(每100毫升),http://www.boohee.com/shiwu/yiliABLSyishengjunsuanniunaihiwuzhetang
光明 畅优B+100活性益生菌果粒酸牛奶(青提),热量：69 大卡(每100毫升),http://www.boohee.com/shiwu/guangmingchangyoudizhiqingtiguolisuannai
伊利 妙芝新鲜奶酪,热量：118 大卡(每100克),http://www.boohee.com/shiwu/yilimiaozhixinxiannailao
光明 纯牛奶香浓3.5,热量：62 大卡(每100毫升),http://www.boohee.com/shiwu/guangmingchunniunaixiangnong35
牛奶(草莓味，卡夫 牌)，又叫牛奶（草莓味，Kraft 牌）,热量：79 大卡(每100毫升),http://www.boohee.com/shiwu/niunai_caomeiwei_kafupai
可淇 高钙高铁奶粉(牌),热量：437 大卡(每100克),http://www.boohee.com/shiwu/gaogaigaotienaifen_keqipai
光明 0脂肪 鲜牛奶，又叫光明 0脂肪鲜牛奶,热量：32 大卡(每100毫升),http://www.boohee.com/shiwu/fd458bc8
牛奶(强化VA，VD)，又叫牛乳(强化VA，VD),热量：51 大卡(每100毫升),http://www.boohee.com/shiwu/niuru_qianghuaVA_VD
光明 低脂牛奶,热量：43 大卡(每100毫升),http://www.boohee.com/shiwu/guangmingdizhiniunai
蒙牛 木糖醇酸牛奶，又叫蒙牛木糖醇酸奶,热量：63 大卡(每100毫升),http://www.boohee.com/shiwu/mengniusuanniunaimutangchun
低脂奶酪,热量：241 大卡(每100克),http://www.boohee.com/shiwu/dizhinailao
伊利 无蔗糖酸牛奶(利乐包)150g,热量：52 大卡(每100毫升),http://www.boohee.com/shiwu/yiliwuzhetangsuanniunai
蒙牛 酸牛奶(草莓+树莓)100g (小盒装),热量：92 大卡(每100毫升),http://www.boohee.com/shiwu/mengniusuanniunai_caomeishumeiguoli
光明减脂90%脱脂鲜牛奶,热量：32 大卡(每100毫升),http://www.boohee.com/shiwu/guangmingjianzhi90tuozhixianniunai
伊利优品嘉人优酪乳(原味),热量：73 大卡(每100克),http://www.boohee.com/shiwu/yiliyoupinjiarenyoulaoru_yuanwei
光明 畅优红枣燕麦低脂酸奶,热量：69 大卡(每100毫升),http://www.boohee.com/shiwu/guangmingchangyouhongzaoyanmaidizhisuannai
花菜，又叫菜花、花椰菜、椰花菜、洋花菜、鲜花菜、花椰菜,热量：20 大卡(每100克),http://www.boohee.com/shiwu/caihua
结球甘蓝(紫)，又叫紫甘蓝、甘蓝、圆白菜,热量：25 大卡(每100克),http://www.boohee.com/shiwu/jieqiuganlan_zi
冬枣，又叫枣子，枣,热量：113 大卡(每100克),http://www.boohee.com/shiwu/dongzao
猕猴桃，又叫毛桃、藤梨、猕胡桃、苌楚、羊桃、毛梨、连楚、奇异果、毛叶猕猴桃、美味猕猴桃,热量：61 大卡(每100克),http://www.boohee.com/shiwu/zhonghuamihoutao
南瓜，又叫麦瓜、番瓜、倭瓜、金瓜、伏瓜、饭瓜、窝瓜、中国南瓜、倭瓜，番瓜,热量：23 大卡(每100克),http://www.boohee.com/shiwu/nangua
胡萝卜(老)，又叫萝卜、黄萝卜、丁香萝卜、红芦菔、甘笋、黄根、卜香菜、药萝卜、赤珊瑚,热量：39 大卡(每100克),http://www.boohee.com/shiwu/huluobo_hong
生菜，又叫牛俐、鲜生菜、鲜圆生菜,热量：16 大卡(每100克),http://www.boohee.com/shiwu/shengcai_niuli
橘子，又叫橘柑、柑橘、桔柑子,热量：44 大卡(每100克),http://www.boohee.com/shiwu/jieganzi
木瓜，又叫乳瓜、木梨、文冠果、番木瓜、番木瓜,热量：30 大卡(每100克),http://www.boohee.com/shiwu/mugua
葡萄，又叫草龙珠、山葫芦、蒲桃、菩提子、美人指,热量：45 大卡(每100克),http://www.boohee.com/shiwu/putao_junzhi
李子，又叫布朗、脆李、金沙李、嘉庆子、李实、嘉应子,热量：38 大卡(每100克),http://www.boohee.com/shiwu/lizi
海带(浸)，又叫江白菜，昆布、江白菜，昆布,热量：16 大卡(每100克),http://www.boohee.com/shiwu/haidai_jin
芹菜(药芹)，又叫旱芹、样芹菜、药芹、香芹、蒲芹、白茎芹菜、旱芹，药芹,热量：13 大卡(每100克),http://www.boohee.com/shiwu/qincai_baijing
空心菜，又叫通心菜、蕹菜、空心菜、藤藤菜,热量：19 大卡(每100克),http://www.boohee.com/shiwu/wengcai
西柚，又叫红柚、红心柚、葡萄柚（西柚）、西柚,热量：33 大卡(每100克),http://www.boohee.com/shiwu/putaoyou_taiwan
鱼腥草(叶)，又叫蕺菜、臭菜,热量：32 大卡(每100克),http://www.boohee.com/shiwu/yuxingcao
木耳(干)，又叫黑木耳、云耳、桑耳、松耳、黑木耳，云耳,热量：265 大卡(每100克),http://www.boohee.com/shiwu/muer_gan
豌豆苗，又叫豆苗、豌豆芽、青豆苗，碗豆苗,热量：32 大卡(每100克),http://www.boohee.com/shiwu/wandoumiao
小葱，又叫香葱、绵葱、火葱、葱,热量：27 大卡(每100克),http://www.boohee.com/shiwu/xiaocong
Easy Fun 土耳其杏干，又叫Easy Fun 土耳其杏干（整粒）,热量：268 大卡(每100克),http://www.boohee.com/shiwu/fde3717f
菠菜，又叫菠棱菜、赤根菜、波斯草、鹦鹉菜、鼠根菜、角菜、赤根菜,热量：28 大卡(每100克),http://www.boohee.com/shiwu/bocai
菠萝，又叫番梨、露兜子、凤梨、凤梨，地菠萝、红菠萝,热量：44 大卡(每100克),http://www.boohee.com/shiwu/boluo
火龙果，又叫仙蜜果、红龙果、仙蜜果、红龙果,热量：55 大卡(每100克),http://www.boohee.com/shiwu/huolongguo
草莓，又叫大草莓、士多啤梨、红莓、地莓、洋莓，凤阳草莓,热量：32 大卡(每100克),http://www.boohee.com/shiwu/caomei
芒果，又叫庵罗果、檬果、蜜望子、香盖、抹猛果，望果,热量：35 大卡(每100克),http://www.boohee.com/shiwu/mangguo
豆芽(绿豆芽)，又叫巧芽、豆芽菜、如意菜、掐菜、银芽、银针、银苗、芽心、绿豆芽,热量：16 大卡(每100克),http://www.boohee.com/shiwu/lvdouya
香菇(鲜)，又叫冬菇、香菌、爪菰、花菇、香蕈、香菰、香信、香蕈，冬菇,热量：26 大卡(每100克),http://www.boohee.com/shiwu/xianggu
茄子，又叫落苏、茄瓜,热量：23 大卡(每100克),http://www.boohee.com/shiwu/qiezi_junzhi
哈密瓜，又叫甜瓜,热量：34 大卡(每100克),http://www.boohee.com/shiwu/hamigua2
甜瓜，又叫甘瓜、库洪（维吾尔语）、香瓜,热量：26 大卡(每100克),http://www.boohee.com/shiwu/tiangua
圣女果，又叫葡萄番茄、小西红柿、小番茄、樱桃番茄、小西红柿,热量：25 大卡(每100克),http://www.boohee.com/shiwu/yingtaofanqie
冬瓜，又叫白瓜、水芝、地芝、枕瓜、濮瓜、白冬瓜、东瓜、冬瓜、鲜冬瓜片,热量：10 大卡(每100克),http://www.boohee.com/shiwu/donggua
胡萝卜(嫩)，又叫萝卜、胡萝菔、黄萝卜、金笋、丁香萝卜、红芦菔、黄根、卜香菜、药萝卜、赤珊瑚,热量：32 大卡(每100克),http://www.boohee.com/shiwu/huluobo
卷心菜(包菜，圆白菜)，又叫圆白菜，包菜，甘蓝、圆白菜、卷心菜,热量：24 大卡(每100克),http://www.boohee.com/shiwu/ganlan
红枣(鲜)，又叫红枣、美枣、良枣,热量：125 大卡(每100克),http://www.boohee.com/shiwu/zao_xian
红枣，又叫红枣、大枣、枣子,热量：276 大卡(每100克),http://www.boohee.com/shiwu/zao_gan
竹笋(鲜)，又叫笋、毛笋、竹芽、竹萌,热量：23 大卡(每100克),http://www.boohee.com/shiwu/zhusun
荸荠，又叫马蹄、马蹄，地栗,热量：61 大卡(每100克),http://www.boohee.com/shiwu/bici
木耳(水发)，又叫黑木耳、云耳、黑木耳，云耳,热量：27 大卡(每100克),http://www.boohee.com/shiwu/muer_shuifa
桔子，又叫桔子、柑桔,热量：51 大卡(每100克),http://www.boohee.com/shiwu/ganjie_junzhi
苹果，又叫滔婆、柰、柰子、频婆、平波、天然子、红富士、昭通苹果、丑苹果,热量：53 大卡(每100克),http://www.boohee.com/shiwu/pingguo_junzhi
大白菜，又叫白菜，黄心菜,热量：20 大卡(每100克),http://www.boohee.com/shiwu/dabaicai_junzhi
小白菜，又叫青菜、油白菜、白菜苗、油冬菜、白菜秧、白菜、杭白菜、青菜,热量：14 大卡(每100克),http://www.boohee.com/shiwu/xiaobaicai
香蕉，又叫蕉子、蕉果、甘蕉、甘蕉,热量：93 大卡(每100克),http://www.boohee.com/shiwu/xiangjiao
番茄，又叫西红柿、洋柿子、狼桃、番李子、金橘、番柿、六月柿、洋海椒、毛腊果、西红柿,热量：15 大卡(每100克),http://www.boohee.com/shiwu/fanqie
黄瓜，又叫青瓜、胡瓜,热量：16 大卡(每100克),http://www.boohee.com/shiwu/huanggua
Easy Fun 低脂魔芋爽(山椒味),热量：49 大卡(每100克),http://www.boohee.com/shiwu/fdd3e9eb
Easy Fun 低脂魔芋爽(香辣味),热量：49 大卡(每100克),http://www.boohee.com/shiwu/fd7db325
Easy Ace 多吃蔬菜,热量：244 大卡(每100克),http://www.boohee.com/shiwu/fd390d55
西瓜，又叫寒瓜、天生白虎汤、夏瓜、水瓜,热量：31 大卡(每100克),http://www.boohee.com/shiwu/xigua_junzhi
酸辣粉，又叫酸辣米粉、酸辣米线,热量：98 大卡(每100克),http://www.boohee.com/shiwu/suanlafen
青椒炒鸡蛋,热量：96 大卡(每100克),http://www.boohee.com/shiwu/qingjiaochaojidan
清炒芹菜，又叫马家沟芹菜、素炒芹菜,热量：44 大卡(每100克),http://www.boohee.com/shiwu/suchaoqincai
粽子,热量：195 大卡(每100克),http://www.boohee.com/shiwu/zizhizongzi
椒油拌海带,热量：68 大卡(每100克),http://www.boohee.com/shiwu/jiaoyoubanhaidai
烙玉米饼，又叫玉米饼,热量：150 大卡(每100克),http://www.boohee.com/shiwu/laoyumibing
蔬菜沙拉，又叫沙拉、蔬菜,热量：40 大卡(每100克),http://www.boohee.com/shiwu/shucaishala
清炒卷心菜，又叫炒卷心菜、卷心菜，炒包菜，炒包心菜,热量：44 大卡(每100克),http://www.boohee.com/shiwu/qingchaojuanxincai
蒜味烧茄子,热量：60 大卡(每100克),http://www.boohee.com/shiwu/suanweishaoqiezi
红烧大排,热量：248 大卡(每100克),http://www.boohee.com/shiwu/hongshaodapai
桃子，又叫桃,热量：42 大卡(每100克),http://www.boohee.com/shiwu/tao_junzhi
上海青，又叫青菜，小青菜、青菜,热量：18 大卡(每100克),http://www.boohee.com/shiwu/piaoerbai
红富士苹果,热量：49 大卡(每100克),http://www.boohee.com/shiwu/hongfushipingguo
橙子，又叫橙子、金球、香橙、黄橙、橙,热量：48 大卡(每100克),http://www.boohee.com/shiwu/cheng
菜心，又叫白菜薹、薹菜、菜薹，菜心，广东菜心、迟菜心,热量：28 大卡(每100克),http://www.boohee.com/shiwu/baicaitai
西兰花，又叫绿菜花、西蓝花、绿菜花,热量：27 大卡(每100克),http://www.boohee.com/shiwu/xilanhua
柚子，又叫文旦、香抛、霜柚、臭橙、柚、文旦,热量：42 大卡(每100克),http://www.boohee.com/shiwu/you
白萝卜，又叫萝卜、莱菔、莱菔、萝蔔,热量：16 大卡(每100克),http://www.boohee.com/shiwu/bailuobo
覆盆子，又叫树莓、红树莓,热量：52 大卡(每100克),http://www.boohee.com/shiwu/fupenzi
梨，又叫梨子、皇冠梨、快果、玉乳、果宗、蜜父、雪梨、香水梨、青梨,热量：51 大卡(每100克),http://www.boohee.com/shiwu/li_junzhi
雀巢 全仕奶(巧克力味)，又叫Nestle 全仕奶（巧克力味）,热量：72 大卡(每100毫升),http://www.boohee.com/shiwu/quechaoquanshinai_qiaokeliwei
Dr.Oetker欧特家博士 Dr.Oetker Onken脱脂酸奶,热量：48 大卡(每100毫升),http://www.boohee.com/shiwu/DrOetkerhiOnkentuozhisuannai
光明奶酪经典黄波芝士片,热量：280 大卡(每100克),http://www.boohee.com/shiwu/guangmingnailaojingdianhuangbozhishipian
达能 TAILLEFINE脱脂酸奶，又叫Danone TAILLEFINE脱脂酸奶,热量：42 大卡(每100毫升),http://www.boohee.com/shiwu/danengTaillefinetuozhisuannai
伊利 高钙奶酪,热量：287 大卡(每100克),http://www.boohee.com/shiwu/yiligaogainailao
牛奶(强化锌、钙)，又叫牛乳（强化锌、钙）,热量：60 大卡(每100毫升),http://www.boohee.com/shiwu/niuru_qianghuaxin_gai_pamalate
百吉福 减脂芝士片,热量：249 大卡(每100克),http://www.boohee.com/shiwu/faguobaijifujianzhizhishipian
光明白雪酸牛奶新鲜杯,热量：70 大卡(每100毫升),http://www.boohee.com/shiwu/guangmingbaixuesuanniunaixinxianbei
芝司乐原味高钙起司,热量：305 大卡(每100克),http://www.boohee.com/shiwu/zhisileyuanweigaogaiqisi
蒙牛 0脂肪冠益乳酸牛奶 瓶装250g，又叫蒙牛 0脂肪冠益乳酸牛奶 杯装100g,热量：69 大卡(每100毫升),http://www.boohee.com/shiwu/mengniuguanyirusuanniunai0zhifang
杏，又叫杏果、甜梅、叭达杏、杏实、杏子,热量：38 大卡(每100克),http://www.boohee.com/shiwu/xing
杨梅，又叫龙睛、朱红、水杨梅、白蒂梅、树梅、树梅，山杨梅,热量：30 大卡(每100克),http://www.boohee.com/shiwu/yangmei
山楂(红果)，又叫山果红、红果、胭脂果、海红、酸梅子、山梨、酸查、鼠查、赤瓜实、赤枣子、山里红，大山楂,热量：102 大卡(每100克),http://www.boohee.com/shiwu/hongguo
桑葚(红)，又叫桑椹,热量：55 大卡(每100克),http://www.boohee.com/shiwu/sangren_hong
芹菜，又叫刀芹、蜀芹、香芹、芹菜苗,热量：13 大卡(每100克),http://www.boohee.com/shiwu/shuiqincai
韭菜，又叫壮阳草、赶阳草、长生草、起阳草,热量：25 大卡(每100克),http://www.boohee.com/shiwu/jiucai
紫葡萄,热量：45 大卡(每100克),http://www.boohee.com/shiwu/ziputao
西瓜(京欣一号),热量：34 大卡(每100克),http://www.boohee.com/shiwu/xigua_jingxinyihao
李子杏,热量：37 大卡(每100克),http://www.boohee.com/shiwu/lizixing
西葫芦，又叫搅瓜、白南瓜,热量：19 大卡(每100克),http://www.boohee.com/shiwu/xihulu
葡萄干,热量：344 大卡(每100克),http://www.boohee.com/shiwu/putaogan
青椒，又叫青辣椒、尖椒、海椒、线椒,热量：22 大卡(每100克),http://www.boohee.com/shiwu/lajiao_qing_jian
洋葱，又叫洋葱头、玉葱、葱头、圆葱、球葱、洋葱、葱头,热量：40 大卡(每100克),http://www.boohee.com/shiwu/yangcong
金针菇，又叫朴菰 、构菌、冻菌、金菇、毛柄金钱菌、智力菇、鲜金针菇、智力菇,热量：32 大卡(每100克),http://www.boohee.com/shiwu/jinzhengu
莲藕，又叫藕、莲藕,热量：47 大卡(每100克),http://www.boohee.com/shiwu/ou
红提子葡萄，又叫提子、红提,热量：54 大卡(每100克),http://www.boohee.com/shiwu/hongtiziputao
海带(鲜)，又叫昆布、江白菜、纶布、海昆布、海马蔺、海带菜、海草、海马?A、江白菜,热量：13 大卡(每100克),http://www.boohee.com/shiwu/haidai
荔枝，又叫丹荔、丽枝、香果、勒荔、离支,热量：71 大卡(每100克),http://www.boohee.com/shiwu/lizhi
生菜(叶用莴苣)，又叫叶用莴苣,热量：12 大卡(每100克),http://www.boohee.com/shiwu/shengcai_yeyongwoju
结球甘蓝(绿)，又叫甘蓝、卷心菜、包心菜、洋白菜、包菜、莲花白、疙瘩白、大头菜、高丽菜、结球甘蓝、蓝菜、西土蓝、圆白菜、牛心菜,热量：17 大卡(每100克),http://www.boohee.com/shiwu/jieqiuganlan_lv
马奶子葡萄,热量：41 大卡(每100克),http://www.boohee.com/shiwu/manaiziputao
桑葚，又叫桑椹,热量：57 大卡(每100克),http://www.boohee.com/shiwu/sangren_junzhi
紫菜(干)，又叫索菜、子菜、甘紫菜,热量：250 大卡(每100克),http://www.boohee.com/shiwu/zicai_gan
国光苹果,热量：56 大卡(每100克),http://www.boohee.com/shiwu/guoguangpingguo
四季豆，又叫菜豆、豆角、云扁豆、龙爪豆、龙骨豆、芸豆、白豆、二生豆、菜豆、芸豆,热量：24 大卡(每100克),http://www.boohee.com/shiwu/sijidou
莴笋，又叫莴苣、春菜、生笋、千金菜、茎用莴苣、青笋、莴菜、香马笋、莴苣，窝笋,热量：15 大卡(每100克),http://www.boohee.com/shiwu/wosun
蘑菇(鲜蘑)，又叫蕈、菌、茸、蘑菰、蘑菇蕈、蘑子蕈、肉蕈、肉菌、蘑菇菌、蘑菇,热量：24 大卡(每100克),http://www.boohee.com/shiwu/mogu_xianmo
长把梨,热量：62 大卡(每100克),http://www.boohee.com/shiwu/changbali
银耳(干)，又叫白木耳、雪耳、白木耳,热量：261 大卡(每100克),http://www.boohee.com/shiwu/yiner_gan
枣(干，大),热量：317 大卡(每100克),http://www.boohee.com/shiwu/zao_gan_da
豆浆,热量：31 大卡(每100毫升),http://www.boohee.com/shiwu/doujiang
瓜子仁，又叫向日葵子、天葵子、葵子、瓜子仁、瓜子,热量：615 大卡(每100克),http://www.boohee.com/shiwu/kuihuaziren
豆浆(甜),热量：34 大卡(每100毫升),http://www.boohee.com/shiwu/doujiang_tian
豆腐干(白干)，又叫豆干、白干,热量：197 大卡(每100克),http://www.boohee.com/shiwu/doufugan_junzhi
黑芝麻，又叫芝麻籽(黑)、胡麻、巨胜,热量：559 大卡(每100克),http://www.boohee.com/shiwu/zhimazi_hei
豆腐，又叫水豆腐,热量：84 大卡(每100克),http://www.boohee.com/shiwu/doufu_junzhi
核桃(干)，又叫核桃仁、山核桃、胡桃仁、羌桃、黑桃、胡桃肉、万岁子、长寿果、胡桃,热量：646 大卡(每100克),http://www.boohee.com/shiwu/hetao_gan
豆腐花，又叫豆腐花、豆花、豆腐粉,热量：15 大卡(每100毫升),http://www.boohee.com/shiwu/doufunao
豆腐(南)，又叫嫩豆腐、软豆腐、绢豆腐，涓豆腐,热量：87 大卡(每100克),http://www.boohee.com/shiwu/doufu_nan
炒花生,热量：601 大卡(每100克),http://www.boohee.com/shiwu/huasheng_chao
樱桃，又叫车厘子、莺桃、含桃、荆桃、朱樱、朱果、樱珠,热量：46 大卡(每100克),http://www.boohee.com/shiwu/yingtao
黄豆芽，又叫大豆芽、清水豆芽,热量：47 大卡(每100克),http://www.boohee.com/shiwu/huangdouya
苦瓜，又叫凉瓜、癞瓜、锦荔枝、癞葡萄、凉瓜，赖葡萄，癞瓜,热量：22 大卡(每100克),http://www.boohee.com/shiwu/kugua
小叶桔,热量：40 大卡(每100克),http://www.boohee.com/shiwu/xiaoyejie
豆角,热量：34 大卡(每100克),http://www.boohee.com/shiwu/doujiao
芹菜茎,热量：22 大卡(每100克),http://www.boohee.com/shiwu/qincaijing
鹅黄梨,热量：41 大卡(每100克),http://www.boohee.com/shiwu/ehuangli
丝瓜，又叫天丝瓜、天罗、蜜瓜、布瓜、天吊瓜、纯阳瓜、倒阳菜、水瓜、絮瓜、缣瓜、蛮瓜、绵瓜,热量：20 大卡(每100克),http://www.boohee.com/shiwu/sigua
巨峰葡萄,热量：51 大卡(每100克),http://www.boohee.com/shiwu/jufengputao
白兰瓜，又叫兰州瓜、华莱士、兰州蜜瓜,热量：23 大卡(每100克),http://www.boohee.com/shiwu/bailangua
杂粮煎饼，又叫山东杂粮煎饼,热量：266 大卡(每100克),http://www.boohee.com/shiwu/zaliangjianbing
玉米小米粥，又叫玉米小米粥,热量：47 大卡(每100毫升),http://www.boohee.com/shiwu/yumitangxiaomizhou
肉松面包,热量：326 大卡(每100克),http://www.boohee.com/shiwu/rousongmianbao
豆沙包,热量：319 大卡(每100克),http://www.boohee.com/shiwu/doushabao
麻酱拌黄瓜,热量：51 大卡(每100克),http://www.boohee.com/shiwu/majiangbanhuanggua
凉拌黄瓜，又叫拍黄瓜、拌青瓜、拌黄瓜,热量：42 大卡(每100克),http://www.boohee.com/shiwu/qingbanhuanggua
红烧带鱼,热量：170 大卡(每100克),http://www.boohee.com/shiwu/hongshaodaiyu
虾仁冬瓜丝,热量：45 大卡(每100克),http://www.boohee.com/shiwu/xiapidongguasi
珍珠奶茶，又叫奶茶、招牌奶茶,热量：52 大卡(每100克),http://www.boohee.com/shiwu/zhenzhunaicha
红烧鸡块，又叫鸡块、红烧鸡肉、烧鸡块、红烧鸡、柴火鸡,热量：224 大卡(每100克),http://www.boohee.com/shiwu/hongshaojikuai
豆腐脑(带卤)，又叫豆腐花、豆腐脑,热量：48 大卡(每100克),http://www.boohee.com/shiwu/doufunao_dailu
花生，又叫落花参、番豆、长生果、落地松、地果、番果、地豆、唐人豆、花生（鲜）、落花生，长生果,热量：313 大卡(每100克),http://www.boohee.com/shiwu/huasheng_xian
杏仁，又叫南杏仁,热量：578 大卡(每100克),http://www.boohee.com/shiwu/xingren
核桃(鲜),热量：336 大卡(每100克),http://www.boohee.com/shiwu/hetao_xian
黄豆，又叫大豆、黄大豆、枝豆、菜用大豆、大豆,热量：390 大卡(每100克),http://www.boohee.com/shiwu/huangdou
毛豆，又叫枝豆、菜用大豆、青豆，菜用大豆,热量：131 大卡(每100克),http://www.boohee.com/shiwu/maodou
豆腐干(香干)，又叫豆干、香干,热量：152 大卡(每100克),http://www.boohee.com/shiwu/doufugan_xianggan
葵花子(奶油香瓜子),热量：620 大卡(每100克),http://www.boohee.com/shiwu/kuihuazi_naiyouxiangguazi
油豆腐,热量：245 大卡(每100克),http://www.boohee.com/shiwu/youdoufu
豆浆粉,热量：426 大卡(每100克),http://www.boohee.com/shiwu/doujiangfen
花生米(生)，又叫花生仁（生）,热量：574 大卡(每100克),http://www.boohee.com/shiwu/huashengren_sheng
花生米(炒)，又叫花生仁（炒）,热量：589 大卡(每100克),http://www.boohee.com/shiwu/huashengren_chao
北豆腐，又叫软玉、豆腐(北),热量：116 大卡(每100克),http://www.boohee.com/shiwu/doufu_bei
栗子，又叫板栗,热量：214 大卡(每100克),http://www.boohee.com/shiwu/lizi_shu
Easy Fun 低脂夹心牛肉豆脯(五香味),热量：121 大卡(每100克),http://www.boohee.com/shiwu/fd1330db
豆腐皮(干)，又叫百片、腐衣、豆皮、油皮,热量：447 大卡(每100克),http://www.boohee.com/shiwu/doufupi
Easy Fun 高纤麦芽豆乳,热量：365 大卡(每100克),http://www.boohee.com/shiwu/fdef9621
豆奶粉,热量：423 大卡(每100克),http://www.boohee.com/shiwu/dounaifen
豆奶，又叫豆乳,热量：30 大卡(每100毫升),http://www.boohee.com/shiwu/dounai
杏仁(烤干，加盐),热量：617 大卡(每100克),http://www.boohee.com/shiwu/xingren_kaogan_jiayan
豆腐卷,热量：203 大卡(每100克),http://www.boohee.com/shiwu/doufujuan
O'day 扯扯素肉(麻辣味),热量：148 大卡(每100克),http://www.boohee.com/shiwu/fdec584b
Easy Fun 奇亚籽,热量：428 大卡(每100克),http://www.boohee.com/shiwu/fd1aa5af
西瓜子(熟)，又叫黑瓜子、黑瓜子,热量：550 大卡(每100克),http://www.boohee.com/shiwu/xiguazi_shu
杏仁(炒),热量：618 大卡(每100克),http://www.boohee.com/shiwu/xingren_chao
杏仁(烤干，不加盐),热量：617 大卡(每100克),http://www.boohee.com/shiwu/xingren_kaogan_bujiayan
豆腐丝(油),热量：304 大卡(每100克),http://www.boohee.com/shiwu/doufusi_you
白果(干)，又叫银杏、银杏,热量：355 大卡(每100克),http://www.boohee.com/shiwu/baiguo_gan
洽洽 香瓜子,热量：616 大卡(每100克),http://www.boohee.com/shiwu/qiaqiaxiangguazi2
南瓜子仁，又叫白瓜子、南瓜仁,热量：576 大卡(每100克),http://www.boohee.com/shiwu/nanguaziren
杏仁(熟、去壳),热量：625 大卡(每100克),http://www.boohee.com/shiwu/xingren_shu_quke
旭松 日本纳豆，又叫旭松纳豆,热量：190 大卡(每100克),http://www.boohee.com/shiwu/xusongnadou
栗子(河北迁西)，又叫板栗（河北迁西）、板栗,热量：182 大卡(每100克),http://www.boohee.com/shiwu/lizi_hebeiqianxi
豆腐干(蒲包干),热量：135 大卡(每100克),http://www.boohee.com/shiwu/doufugan_pubaogan
桃仁，又叫毛桃仁、扁桃仁、大桃仁、光桃仁、炒桃仁,热量：429 大卡(每100克),http://www.boohee.com/shiwu/taoren
松子仁，又叫海松子、新罗松子,热量：718 大卡(每100克),http://www.boohee.com/shiwu/songziren
豆腐干(臭干),热量：99 大卡(每100克),http://www.boohee.com/shiwu/doufugan_chougan
杏仁(过油炸干),热量：631 大卡(每100克),http://www.boohee.com/shiwu/xingren_guoyouzhagan
豆腐丝(干),热量：451 大卡(每100克),http://www.boohee.com/shiwu/doufusi_gan
榛子(熟),热量：642 大卡(每100克),http://www.boohee.com/shiwu/zhenzi_shu
腐竹(干)，又叫支竹、甜竹、腐筋,热量：485 大卡(每100克),http://www.boohee.com/shiwu/fuzhu
花生米(油炸)，又叫花生仁（油炸）,热量：583 大卡(每100克),http://www.boohee.com/shiwu/huashengren_youzha
豆腐丝,热量：203 大卡(每100克),http://www.boohee.com/shiwu/doufusi
千张，又叫百页、皮子、豆片、干豆腐、百页,热量：262 大卡(每100克),http://www.boohee.com/shiwu/qianzhang
花生(烤、勤俭牌),热量：586 大卡(每100克),http://www.boohee.com/shiwu/huasheng_kao_qinjianpai
青豆(干)，又叫青大豆、青大豆,热量：398 大卡(每100克),http://www.boohee.com/shiwu/qingdou
豆腐干(酱油干)，又叫豆干,热量：157 大卡(每100克),http://www.boohee.com/shiwu/doufugan_jiangyougan
腰果，又叫鸡腰果、介寿果,热量：559 大卡(每100克),http://www.boohee.com/shiwu/yaoguo
莲子(干)，又叫莲宝、莲米、藕实、水芝、丹泽芝、莲蓬子、水笠子,热量：350 大卡(每100克),http://www.boohee.com/shiwu/lianzi_gan
山核桃,热量：616 大卡(每100克),http://www.boohee.com/shiwu/shanhetao_gan
内酯豆腐，又叫豆腐,热量：50 大卡(每100克),http://www.boohee.com/shiwu/doufu_neizhi
杏仁(大),热量：540 大卡(每100克),http://www.boohee.com/shiwu/xingren_da
山核桃(熟)，又叫小核桃、小核桃,热量：658 大卡(每100克),http://www.boohee.com/shiwu/shanhetao_shu
花生(烤、密日兴牌),热量：475 大卡(每100克),http://www.boohee.com/shiwu/huasheng_kao_mirixingpai
开心果,热量：631 大卡(每100克),http://www.boohee.com/shiwu/kaixinguo_shu
素鸡,热量：194 大卡(每100克),http://www.boohee.com/shiwu/suji
黑豆，又叫黑大豆、乌豆、橹豆、马料豆、料豆、零乌豆、冬豆子、黑大豆,热量：401 大卡(每100克),http://www.boohee.com/shiwu/heidou
豆腐干(卤干)，又叫豆干,热量：339 大卡(每100克),http://www.boohee.com/shiwu/doufugan_lugan
腰果(熟),热量：615 大卡(每100克),http://www.boohee.com/shiwu/yaoguo_shu
西瓜子(炒),热量：582 大卡(每100克),http://www.boohee.com/shiwu/xiguazi_chao
榛子，又叫尖栗、平榛、山反栗,热量：561 大卡(每100克),http://www.boohee.com/shiwu/zhenzi_gan
白芝麻，又叫芝麻籽(白),热量：536 大卡(每100克),http://www.boohee.com/shiwu/zhimazi_bai
豆腐干(熏干)，又叫豆干,热量：154 大卡(每100克),http://www.boohee.com/shiwu/doufugan_xungan
素火腿,热量：213 大卡(每100克),http://www.boohee.com/shiwu/suhuotui
美国大杏仁，又叫巴旦木,热量：586 大卡(每100克),http://www.boohee.com/shiwu/meiguodaxingren
杏仁(熟、带壳),热量：648 大卡(每100克),http://www.boohee.com/shiwu/xingren_shu_daike
毛核桃,热量：184 大卡(每100克),http://www.boohee.com/shiwu/maohetao
榛子仁(熟),热量：628 大卡(每100克),http://www.boohee.com/shiwu/zhenziren_shu
松子(炒)，又叫罗松子、海松子、新罗松子、红松果、松仁、松元,热量：644 大卡(每100克),http://www.boohee.com/shiwu/songzi_chao
榛子(炒),热量：611 大卡(每100克),http://www.boohee.com/shiwu/zhenzi_chao
红卤鸡爪,热量：236 大卡(每100克),http://www.boohee.com/shiwu/honglujizhua
扬州炒饭,热量：146 大卡(每100克),http://www.boohee.com/shiwu/yangzhoudanchaofan
炒土豆丝,热量：98 大卡(每100克),http://www.boohee.com/shiwu/chaotudousi
牛肉包子,热量：216 大卡(每100克),http://www.boohee.com/shiwu/niuroubaozi
炒面/炒粉，又叫炒面、炒粉,热量：210 大卡(每100克),http://www.boohee.com/shiwu/chaomian2
韭菜炒豆芽，又叫韭菜炒绿豆芽,热量：41 大卡(每100克),http://www.boohee.com/shiwu/jiucaichaolvdouya
千层饼，又叫瓤子饼,热量：295 大卡(每100克),http://www.boohee.com/shiwu/qiancengbing
菜煎饼,热量：151 大卡(每100克),http://www.boohee.com/shiwu/caijianbing
炒胡萝卜片，又叫胡萝卜,热量：61 大卡(每100克),http://www.boohee.com/shiwu/chaohuluobopian
清炒油麦菜,热量：44 大卡(每100克),http://www.boohee.com/shiwu/qingchaoyoumaicai
黑芝麻糊粉,热量：408 大卡(每100毫升),http://www.boohee.com/shiwu/heizhimahufen
豆腐干(小香干)，又叫豆干,热量：174 大卡(每100克),http://www.boohee.com/shiwu/doufugan_xiaoxianggan
杏仁(原味)，又叫北杏仁、杏核仁、杏子、杏人,热量：596 大卡(每100克),http://www.boohee.com/shiwu/xingren_yuanweiquanbu
栗子(鲜)，又叫板栗、大栗、栗果、毛栗、棋子、栗楔、板栗,热量：188 大卡(每100克),http://www.boohee.com/shiwu/lizi_xian
葵花子(炒),热量：625 大卡(每100克),http://www.boohee.com/shiwu/kuihuazi_chao
南瓜子，又叫南瓜籽、白瓜子、南瓜子(炒)、白瓜子,热量：582 大卡(每100克),http://www.boohee.com/shiwu/nanguazi_chao
豆腐干(菜干)，又叫豆干,热量：137 大卡(每100克),http://www.boohee.com/shiwu/doufugan_caigan
乐购 浓豆浆，又叫TESCO 浓豆浆,热量：26 大卡(每100毫升),http://www.boohee.com/shiwu/legounongdoujiang
西瓜子(话梅),热量：567 大卡(每100克),http://www.boohee.com/shiwu/xiguazi_huamei
黄豆粉，又叫大豆粉,热量：432 大卡(每100克),http://www.boohee.com/shiwu/huangdoufen
白玉 家庭号无糖豆浆,热量：23 大卡(每100毫升),http://www.boohee.com/shiwu/baiyuwutangdoujiang_jiatinghao
葵花子(熟),热量：591 大卡(每100克),http://www.boohee.com/shiwu/kuihuazi_shu
香榧(熟)，又叫香榧、赤果、野极子、榧实、罴子、玉杉果,热量：644 大卡(每100克),http://www.boohee.com/shiwu/xiangfei_shu
芡实米(干)，又叫鸡头米、水鸡头、鸡头苞、鸡嘴莲、刺莲蓬实、鸡头米,热量：352 大卡(每100克),http://www.boohee.com/shiwu/qianshimi
杏仁(漂白后),热量：602 大卡(每100克),http://www.boohee.com/shiwu/xingren_piaobaihou
松子,热量：553 大卡(每100克),http://www.boohee.com/shiwu/songzi_shu
栗子(山东)，又叫板栗（山东）、板栗,热量：168 大卡(每100克),http://www.boohee.com/shiwu/lizi_shandong
多力 豆奶粉(牌),热量：405 大卡(每100克),http://www.boohee.com/shiwu/dounaifen_duolipai
南方 无糖黑芝麻糊,热量：416 大卡(每100毫升),http://www.boohee.com/shiwu/nanfangwutangheizhimahu
西瓜子仁,热量：566 大卡(每100克),http://www.boohee.com/shiwu/xiguaziren
Beauty Reset 焕白肌密果味饮料,热量：29 大卡(每100毫升),http://www.boohee.com/shiwu/fdae59f0
芬达 橙味汽水,热量：34 大卡(每100毫升),http://www.boohee.com/shiwu/fd040161
Easy Fun 意式咖啡包(奶萃),热量：0 大卡(每100克),http://www.boohee.com/shiwu/fd80e745
O'day 运动蛋白粉(蜜桃味),热量：404 大卡(每100克),http://www.boohee.com/shiwu/fd214dac
Easy Fun 西梅饮，又叫超模25 畅爽西梅饮,热量：132 大卡(每100毫升),http://www.boohee.com/shiwu/fdfba59b
超模25 果蔬营养素(番茄味),热量：70 大卡(每100克),http://www.boohee.com/shiwu/fd634fb2
喜乐(乳酸饮料),热量：53 大卡(每100毫升),http://www.boohee.com/shiwu/xile_rusuanyinliao
橙汁汽水，又叫橙汁,热量：20 大卡(每100毫升),http://www.boohee.com/shiwu/chengzhiqishui
CoCo都可 鲜芋青稞奶茶-不加糖(营养师估算)，又叫鲜芋青稞奶茶,热量：102 大卡(每100毫升),http://www.boohee.com/shiwu/fdc3f2b1
咖啡豆,热量：313 大卡(每100克),http://www.boohee.com/shiwu/kafeidou
椰子汁饮料,热量：51 大卡(每100毫升),http://www.boohee.com/shiwu/yezizhiyinliao
康师傅 茉莉清茶(淡雅低糖),热量：16 大卡(每100毫升),http://www.boohee.com/shiwu/kangshifumoliqingcha
统一 绿茶(低糖茉莉花味),热量：16 大卡(每100毫升),http://www.boohee.com/shiwu/tongyilvcha_ditangmolihuawei
三得利 乌龙茶(无糖)，又叫SUNTORY 乌龙茶（无糖）,热量：0 大卡(每100毫升),http://www.boohee.com/shiwu/sandeliwulongchahiwutanghi
康师傅 茉莉蜜茶,热量：31 大卡(每100毫升),http://www.boohee.com/shiwu/kangshifumolimicha
花茶(花茶本身)，又叫香片、熏花茶、窨花茶,热量：316 大卡(每100克),http://www.boohee.com/shiwu/huacha
胡萝卜汁饮料,热量：24 大卡(每100毫升),http://www.boohee.com/shiwu/huluobozhiyinliao
苹果汁饮料(光明牌),热量：54 大卡(每100毫升),http://www.boohee.com/shiwu/pingguozhiyinliao_guangmingpai
红果汁,热量：157 大卡(每100毫升),http://www.boohee.com/shiwu/hongguozhi
惠尔康 谷粒谷力玉米南瓜浓浆,热量：44 大卡(每100毫升),http://www.boohee.com/shiwu/guliguliyuminanguanongjiang
啤酒,热量：32 大卡(每100毫升),http://www.boohee.com/shiwu/pijiu_junzhi
珍珠奶茶，又叫奶茶、招牌奶茶,热量：52 大卡(每100克),http://www.boohee.com/shiwu/zhenzhunaicha
天福茗茶 绿茶粉,热量：328 大卡(每100克),http://www.boohee.com/shiwu/tianfumingchapailvchafen
绿茶(茶叶本身)，又叫绿茶、茶叶,热量：328 大卡(每100克),http://www.boohee.com/shiwu/lvcha
柠檬汁,热量：27 大卡(每100毫升),http://www.boohee.com/shiwu/ningmengzhi
江米酒，又叫糯米酒、甜酒、酒酿、醪糟,热量：91 大卡(每100毫升),http://www.boohee.com/shiwu/jiangmijiu
红酒，又叫葡萄酒,热量：85 大卡(每100毫升),http://www.boohee.com/shiwu/hongjiu
茶水，又叫茶,热量：0 大卡(每100毫升),http://www.boohee.com/shiwu/chashui
汇源 橙汁，又叫橙汁饮料（汇源牌）,热量：46 大卡(每100毫升),http://www.boohee.com/shiwu/chengzhiyinliao_huiyuanpai
光明 藜麦谷物牛奶,热量：76 大卡(每100毫升),http://www.boohee.com/shiwu/fdee4440
光明 巧克努力 巧克力牛奶饮品,热量：87 大卡(每100毫升),http://www.boohee.com/shiwu/fd149b3f
光明 一只椰子 牛乳饮品,热量：58 大卡(每100毫升),http://www.boohee.com/shiwu/fd755b55
可口可乐 汽水，又叫可乐,热量：43 大卡(每100毫升),http://www.boohee.com/shiwu/fd46aa5b
康宝莱 蛋白混合饮料(巧克力味),热量：370 大卡(每100克),http://www.boohee.com/shiwu/kangbaolaidanbaihunheyinliao
私房小厨杏仁粉,热量：580 大卡(每100克),http://www.boohee.com/shiwu/sifangxiaochuxingrenfen
甘蔗汁,热量：65 大卡(每100毫升),http://www.boohee.com/shiwu/ganzhezhi
铁观音茶(茶叶本身),热量：334 大卡(每100克),http://www.boohee.com/shiwu/tieguanyincha
可可粉,热量：349 大卡(每100克),http://www.boohee.com/shiwu/kekefen
农夫山泉 水溶C100 柠檬汁，又叫农夫水溶C100柠檬汁,热量：38 大卡(每100毫升),http://www.boohee.com/shiwu/shuirongC100ningmengzhi
红葡萄酒,热量：74 大卡(每100毫升),http://www.boohee.com/shiwu/hongputaojiu
Easy Ace 绿咖啡果蔬饮,热量：76 大卡(每100毫升),http://www.boohee.com/shiwu/fda112e2
Easy Fun 冷萃冻干速溶咖啡粉,热量：337 大卡(每100克),http://www.boohee.com/shiwu/fdd71b5b
Easy Fun 法式南瓜汤,热量：313 大卡(每100毫升),http://www.boohee.com/shiwu/fde94499
Easy Ace 营养代餐奶昔酸奶味，又叫Easy Ace 益生菌代餐奶昔（酸奶味）,热量：379 大卡(每100克),http://www.boohee.com/shiwu/fdc8386b
Easy Ace 营养代餐奶昔奶茶味，又叫Easy Ace 茶多酚代餐奶昔（奶茶味）,热量：350 大卡(每100克),http://www.boohee.com/shiwu/fd0d6417
饮用水，又叫水、自来水、白开水,热量：0 大卡(每100毫升),http://www.boohee.com/shiwu/yinyongshui
咖啡粉，又叫速溶咖啡粉,热量：218 大卡(每100克),http://www.boohee.com/shiwu/kafeifen
麦斯威尔 原味咖啡，又叫  maxwell 原味咖啡,热量：478 大卡(每100克),http://www.boohee.com/shiwu/maisiweieryuanweikafei
无糖美式咖啡，又叫美式、冰美式、热美式、热美式咖啡、美式咖啡、澳黑、咖啡、黑咖啡、黑咖啡（液）,热量：1 大卡(每100毫升),http://www.boohee.com/shiwu/heikafei
矿泉水，又叫水,热量：0 大卡(每100毫升),http://www.boohee.com/shiwu/kuangquanshui
红茶(茶叶本身),热量：324 大卡(每100克),http://www.boohee.com/shiwu/hongcha
统一弗蕾奶茶-经典麦香,热量：33 大卡(每100毫升),http://www.boohee.com/shiwu/tongyifuleinaicha-jingdianmaixiang
雀巢 原叶低糖绿茶，又叫Nestle 原叶低糖绿茶,热量：16 大卡(每100毫升),http://www.boohee.com/shiwu/quechaoyuanyeditanglvcha
椰树 椰汁,热量：50 大卡(每100毫升),http://www.boohee.com/shiwu/zhengzongyeshupaiyezhi
可口可乐 零度 汽水，又叫0度可乐,热量：0 大卡(每100毫升),http://www.boohee.com/shiwu/fdf96dfc
可口可乐 樱桃味汽水,热量：32 大卡(每100毫升),http://www.boohee.com/shiwu/fde140ed
可口可乐 姜味汽水,热量：31 大卡(每100毫升),http://www.boohee.com/shiwu/fd254263
可口可乐 健怡 汽水,热量：0 大卡(每100毫升),http://www.boohee.com/shiwu/fda1dc8b
可口可乐 纤维+ 汽水,热量：0 大卡(每100毫升),http://www.boohee.com/shiwu/fd68003b
杏仁露,热量：46 大卡(每100毫升),http://www.boohee.com/shiwu/xingrenlu
可口可乐 香草味汽水,热量：43 大卡(每100毫升),http://www.boohee.com/shiwu/fdc9230d
弗蕾绿奶茶(鲜绿茉香口味),热量：33 大卡(每100毫升),http://www.boohee.com/shiwu/fuleilvnaichahixianlvmoxiangkouweihi
可乐，又叫可乐,热量：45 大卡(每100毫升),http://www.boohee.com/shiwu/bingchuankele
超模25 综合营养素(树莓味),热量：49 大卡(每100克),http://www.boohee.com/shiwu/fdb9c73c
超模25 营养玄米饮(抹茶味),热量：358 大卡(每100克),http://www.boohee.com/shiwu/fd4b5ee7
超模25 营养可可,热量：366 大卡(每100克),http://www.boohee.com/shiwu/fdc78d52
Easy Fun 路易波士茶,热量：0 大卡(每100克),http://www.boohee.com/shiwu/fd90acfe
Easy Fun 纯马黛茶,热量：0 大卡(每100克),http://www.boohee.com/shiwu/fd36d1d9
超模25 营养饮(玉米蔬菜味),热量：366 大卡(每100克),http://www.boohee.com/shiwu/fde0c510
Easy Fun 玉米须茶,热量：0 大卡(每100克),http://www.boohee.com/shiwu/fd2e9127
十全苹果醋,热量：29 大卡(每100毫升),http://www.boohee.com/shiwu/shiquanpingguocu
维他 奶原味豆奶饮料(低脂肪)，又叫Vitasoy 奶原味豆奶饮料（低脂肪）,热量：48 大卡(每100毫升),http://www.boohee.com/shiwu/weitanai_dizhidounai
七喜,热量：30 大卡(每100毫升),http://www.boohee.com/shiwu/qixi
橙汁饮料(光明牌),热量：44 大卡(每100毫升),http://www.boohee.com/shiwu/chengzhiyinliao_guangmingpai
康师傅 绿茶(低糖),热量：15 大卡(每100毫升),http://www.boohee.com/shiwu/kangshifulvcha_ditang
麦氏典藏MAXIM原味咖啡,热量：441 大卡(每100克),http://www.boohee.com/shiwu/maishidiancangMAXIMyuanweikafei
雀巢 冰爽茶冰极柠檬味绿茶饮料，又叫Nestle 冰爽茶冰极柠檬味绿茶饮料,热量：39 大卡(每100克),http://www.boohee.com/shiwu/quechaobingshuangchabingjiningmengweilvchayinliao
麦斯威尔 致醇口味咖啡，又叫  maxwell 致醇口味咖啡,热量：365 大卡(每100克),http://www.boohee.com/shiwu/maisiweierzhichunkouweikafei
丹特 牌蜂蜜柚子茶，又叫DAMTUH 牌蜂蜜柚子茶,热量：260 大卡(每100克),http://www.boohee.com/shiwu/dantepaifengmiyouzicha
橘子汁，又叫橙汁,热量：119 大卡(每100毫升),http://www.boohee.com/shiwu/juzizhi
猪油(板油)，又叫油，食用油，猪网油,热量：827 大卡(每100克),http://www.boohee.com/shiwu/zhuyou_banyou
玉米油,热量：895 大卡(每100克),http://www.boohee.com/shiwu/yumiyou
春明 香油,热量：898 大卡(每100克),http://www.boohee.com/shiwu/xiangyou
黄油，又叫白脱油、无盐黄油,热量：888 大卡(每100克),http://www.boohee.com/shiwu/huangyou
欧丽薇兰 特级初榨橄榄油,热量：814 大卡(每100克),http://www.boohee.com/shiwu/ouliweilantejichuzhaganlanyou
金龙鱼 玉米油,热量：884 大卡(每100克),http://www.boohee.com/shiwu/jinlongyuyumiyou
胡麻油，又叫亚麻油、亚麻子油、胡麻子油,热量：900 大卡(每100毫升),http://www.boohee.com/shiwu/humayou
粟米油，又叫玉米胚芽油,热量：900 大卡(每100毫升),http://www.boohee.com/shiwu/sumiyou
茶油,热量：899 大卡(每100克),http://www.boohee.com/shiwu/chayou
大麻油，又叫粟米油,热量：899 大卡(每100毫升),http://www.boohee.com/shiwu/damayou
芝麻油，又叫麻油、芝麻油、香油,热量：898 大卡(每100克),http://www.boohee.com/shiwu/zhimayou
色拉油,热量：898 大卡(每100克),http://www.boohee.com/shiwu/selayou
花生油，又叫落花生油、果油、油、食用油,热量：899 大卡(每100毫升),http://www.boohee.com/shiwu/huashengyou
豆油，又叫油，食用油，大豆油,热量：899 大卡(每100毫升),http://www.boohee.com/shiwu/douyou
混合油(菜+棕),热量：900 大卡(每100毫升),http://www.boohee.com/shiwu/hunheyou_caizong
葵花籽油,热量：899 大卡(每100克),http://www.boohee.com/shiwu/kuihuaziyou
橄榄油,热量：899 大卡(每100克),http://www.boohee.com/shiwu/ganlanyou
菜籽油，又叫菜子油、菜油、油菜籽油、芸苔油、香菜油、青油,热量：899 大卡(每100毫升),http://www.boohee.com/shiwu/caiziyou
辣椒油，又叫红油,热量：900 大卡(每100克),http://www.boohee.com/shiwu/lajiaoyou
金龙鱼食用调和油,热量：884 大卡(每100克),http://www.boohee.com/shiwu/jinlongyushiyongdiaoheyou
柠檬茶(雀巢 牌，固体饮料)，又叫柠檬茶（Nestle 牌，固体饮料）,热量：406 大卡(每100克),http://www.boohee.com/shiwu/ningmengcha
汇源 100%苹果汁,热量：38 大卡(每100毫升),http://www.boohee.com/shiwu/huiyuan100pingguozhi
美汁源 果粒橙,热量：41 大卡(每100毫升),http://www.boohee.com/shiwu/meizhiyuanguolicheng2
 惠尔康谷粒谷力荞麦浓浆,热量：18 大卡(每100毫升),http://www.boohee.com/shiwu/hihuierkangguliguliqiaomainongjiang
酸乳饮料,热量：54 大卡(每100毫升),http://www.boohee.com/shiwu/suanruyinliao
麒麟午后红茶奶茶饮料-低脂肪,热量：34 大卡(每100毫升),http://www.boohee.com/shiwu/qilinwuhouhongchanaichayinliao-dizhifang
长城 葡萄酒(干红，11.5%，牌),热量：72 大卡(每100毫升),http://www.boohee.com/shiwu/putaojiu_ganhong_115_changchengpai
青岛 啤酒(4.3%，牌),热量：38 大卡(每100毫升),http://www.boohee.com/shiwu/pijiu_43_qingdaopai
南国牌速溶椰子粉,热量：465 大卡(每100克),http://www.boohee.com/shiwu/nanguopaisurongyezifen
崇明老白酒，又叫烧酒、白干儿、火酒、烈性酒、高度酒,热量：298 大卡(每100毫升),http://www.boohee.com/shiwu/chongminglaobaijiu
红烧豆腐，又叫自磨豆腐,热量：103 大卡(每100克),http://www.boohee.com/shiwu/hongshaodoufu
红烧茄子,热量：61 大卡(每100克),http://www.boohee.com/shiwu/hongshaoqiezi
蒜蓉海带，又叫蒜茸海带,热量：50 大卡(每100克),http://www.boohee.com/shiwu/suanronghaidai
烧花菜,热量：50 大卡(每100克),http://www.boohee.com/shiwu/shaohuacai
黄瓜炒蛋，又叫青瓜炒蛋,热量：52 大卡(每100克),http://www.boohee.com/shiwu/huangguachaodan
清蒸蛋羹,热量：61 大卡(每100克),http://www.boohee.com/shiwu/qingzhengdangeng
炒豇豆，又叫长豆角,热量：41 大卡(每100克),http://www.boohee.com/shiwu/chaojiangdou
咖喱鸡块土豆,热量：102 大卡(每100克),http://www.boohee.com/shiwu/kalijikuaitudou
素炒菜花,热量：53 大卡(每100克),http://www.boohee.com/shiwu/suchaocaihua
花菜炒肉，又叫花菜炒肉、菜花炒肉、肉片炒花菜,热量：62 大卡(每100克),http://www.boohee.com/shiwu/roupianchaocaihua
麦芽油,热量：899 大卡(每100克),http://www.boohee.com/shiwu/maiyayou
油茶籽油,热量：898 大卡(每100毫升),http://www.boohee.com/shiwu/youchaziyou
(AGIA)阿茜娅纯橄榄油,热量：878 大卡(每100克),http://www.boohee.com/shiwu/_AGIAaqianyachunganlanyou
Somerfield 纯菜油,热量：900 大卡(每100克),http://www.boohee.com/shiwu/Somerfieldchuncaiyou
羊油，又叫羊脂,热量：824 大卡(每100克),http://www.boohee.com/shiwu/yangyou
棉籽油,热量：899 大卡(每100克),http://www.boohee.com/shiwu/mianziyou
白脱(食品工业)，又叫牛油，黄油、牛油、黄油,热量：744 大卡(每100克),http://www.boohee.com/shiwu/baituo_shipingongye
珠江 桥牌小磨芝麻油,热量：900 大卡(每100克),http://www.boohee.com/shiwu/zhujiangqiaopaixiaomozhimayou
鸭油(炼),热量：897 大卡(每100克),http://www.boohee.com/shiwu/yayou_lian
核桃油,热量：895 大卡(每100克),http://www.boohee.com/shiwu/hetaoyou
自制蜂蜜柚子茶,热量：137 大卡(每100毫升),http://www.boohee.com/shiwu/zizhifengmiyouzicha
超模17 营养奶昔,热量：359 大卡(每100克),http://www.boohee.com/shiwu/fd10a519
张裕 葡萄酒(干红，12%，牌),热量：75 大卡(每100毫升),http://www.boohee.com/shiwu/putaojiu_ganhong_12_zhangyupai
蒙牛果蔬酸酸乳,热量：31 大卡(每100毫升),http://www.boohee.com/shiwu/mengniuguoshusuansuanru
汇源橙汁饮料,热量：36 大卡(每100毫升),http://www.boohee.com/shiwu/huiyuanchengzhiyinliao
巧克力豆奶,热量：39 大卡(每100毫升),http://www.boohee.com/shiwu/qiaokelidounai
大麦茶(茶叶本身),热量：393 大卡(每100克),http://www.boohee.com/shiwu/damaicha
农夫茶龙井绿茶饮品-低糖,热量：19 大卡(每100毫升),http://www.boohee.com/shiwu/nongfuchalongjinglvchayinpin-ditang
味佳牌蜂蜜柚子茶,热量：250 大卡(每100克),http://www.boohee.com/shiwu/weijiapaifengmiyouzicha
惠尔康 谷粒谷力燕麦浓浆,热量：58 大卡(每100毫升),http://www.boohee.com/shiwu/huierkangpaiguliguliyanmainongjiang
椰子油,热量：899 大卡(每100克),http://www.boohee.com/shiwu/yeziyou
统一纯橄榄油,热量：818 大卡(每100克),http://www.boohee.com/shiwu/tongyichunganlanyou
酥油,热量：860 大卡(每100克),http://www.boohee.com/shiwu/suyou
HOMEBRAND鲜奶油,热量：331 大卡(每100克),http://www.boohee.com/shiwu/HOMEBRANDxiannaiyou
Allowuie zero黄油,热量：733 大卡(每100克),http://www.boohee.com/shiwu/Allowuiehizerohuangyou
Land O' Lakes蓝多湖 Land Lakes油菜籽植物黄油,热量：714 大卡(每100克),http://www.boohee.com/shiwu/youcaizizhiwuhuangyou
米糠油,热量：894 大卡(每100克),http://www.boohee.com/shiwu/mikangyou
卡拉利特级橄榄油,热量：822 大卡(每100克),http://www.boohee.com/shiwu/kalalitejiganlanyou
羊油(炼),热量：895 大卡(每100克),http://www.boohee.com/shiwu/yangyou_lian
常春 淡奶油(麻辣味),热量：350 大卡(每100克),http://www.boohee.com/shiwu/yingerpeifangnaifen_wandashanpai
佳之选 橄榄油,热量：823 大卡(每100克),http://www.boohee.com/shiwu/jiazhixuanpaiganlanyou
金牛 芝麻油,热量：899 大卡(每100克),http://www.boohee.com/shiwu/xiangyou13
坎诺拉健康黄油,热量：700 大卡(每100克),http://www.boohee.com/shiwu/kannuolajiankanghuangyou
olivoila 初榨橄榄油,热量：884 大卡(每100克),http://www.boohee.com/shiwu/olivoilachuzhaganlanyou
融氏纯玉米油,热量：860 大卡(每100克),http://www.boohee.com/shiwu/rongshichunyumiyou
安佳 淡奶油，又叫Anchor 淡奶油,热量：350 大卡(每100克),http://www.boohee.com/shiwu/anjiadannaiyou
黄油渣,热量：599 大卡(每100克),http://www.boohee.com/shiwu/huangyouzha
光明植物黄油,热量：719 大卡(每100克),http://www.boohee.com/shiwu/guangmingzhiwuhuangyou2
雀巢 三花全脂淡奶，又叫Nestle 三花全脂淡奶,热量：141 大卡(每100克),http://www.boohee.com/shiwu/quechaosanhuaquanzhidannai
棕榈油,热量：900 大卡(每100克),http://www.boohee.com/shiwu/zonglvyou
金龙鱼 纯香大豆油,热量：884 大卡(每100毫升),http://www.boohee.com/shiwu/fd59f393
柯可兰 特级冷压初榨橄榄油，又叫Kirkland  特级冷压初榨橄榄油,热量：824 大卡(每100毫升),http://www.boohee.com/shiwu/fd371554
福来康泰 紫苏籽油,热量：884 大卡(每100毫升),http://www.boohee.com/shiwu/fdcb7581
Gold'n Canola Ω-3油,热量：813 大卡(每100克),http://www.boohee.com/shiwu/fdf20906
爱度 六度提纯亚麻籽油,热量：883 大卡(每100毫升),http://www.boohee.com/shiwu/fd6245ac
香必居 鲜花椒油,热量：883 大卡(每100毫升),http://www.boohee.com/shiwu/fdca4961
长白工坊 有机南瓜籽油,热量：884 大卡(每100毫升),http://www.boohee.com/shiwu/changbaigongfanghiyoujinanguaz
蓝多胡/Land O Lakes 喷射低脂鲜奶油,热量：300 大卡(每100克),http://www.boohee.com/shiwu/LandhiOhiLakeshilanduohuhipens
福来康泰 有机冷榨亚麻籽油,热量：883 大卡(每100毫升),http://www.boohee.com/shiwu/fdda04f9
Aurora 橄榄油,热量：800 大卡(每100毫升),http://www.boohee.com/shiwu/fd085d35
PAMS超淡橄榄油,热量：810 大卡(每100克),http://www.boohee.com/shiwu/PAMSchaodanganlanyou
阿尔发 阿尔法 辣米油,热量：844 大卡(每100克),http://www.boohee.com/shiwu/yingerpeifangnaifen_shengyuanpai
红花油,热量：899 大卡(每100克),http://www.boohee.com/shiwu/honghuayou
天然世家 野生铁核桃油,热量：884 大卡(每100毫升),http://www.boohee.com/shiwu/fd7654fd
福临门 天天五谷食用调和油，又叫福临门 天天五谷 食用调和油,热量：883 大卡(每100毫升),http://www.boohee.com/shiwu/fdfbdaa7
Lactima 牛油(无盐),热量：740 大卡(每100克),http://www.boohee.com/shiwu/fdff787b
长生 特级初榨橄榄油,热量：877 大卡(每100克),http://www.boohee.com/shiwu/changshengtejichuzhaganlanyou
明治 高纤黄油，又叫Meiji 高纤黄油,热量：265 大卡(每100毫升),http://www.boohee.com/shiwu/fdeb1c8b
百尚 淡黄油块，又叫Payson Breton 淡黄油块,热量：731 大卡(每100克),http://www.boohee.com/shiwu/fd675235
Cocoyummy 有机农椰子油,热量：802 大卡(每100毫升),http://www.boohee.com/shiwu/fd530cb1
Sparta Tree 黄金树亚麻籽油,热量：884 大卡(每100毫升),http://www.boohee.com/shiwu/fd44c875
优飨 纯正亚麻籽油,热量：884 大卡(每100毫升),http://www.boohee.com/shiwu/fdb72e22
珏士高 初榨椰子油，又叫jax coco 初榨椰子油,热量：820 大卡(每100克),http://www.boohee.com/shiwu/fd6f8381
Mabarajab's Choice 酥油,热量：884 大卡(每100克),http://www.boohee.com/shiwu/fd98ba39
蒙草香 亚麻籽油,热量：884 大卡(每100毫升),http://www.boohee.com/shiwu/fd6d9057
纵宝 蟹黄油,热量：406 大卡(每100克),http://www.boohee.com/shiwu/fda3e055
马赛罗 特级初榨橄榄油,热量：807 大卡(每100毫升),http://www.boohee.com/shiwu/fdc39405
五丰 花椒油,热量：805 大卡(每100毫升),http://www.boohee.com/shiwu/fd9d8467
保生堂 亚麻籽油,热量：884 大卡(每100毫升),http://www.boohee.com/shiwu/fd4ab052
安佳 黄油(有盐)，又叫Anchor 黄油（有盐）,热量：733 大卡(每100克),http://www.boohee.com/shiwu/anjiahuangyou_youyan
梅赛德斯 特级初榨橄榄油,热量：810 大卡(每100毫升),http://www.boohee.com/shiwu/fd3a32d9
福来康泰 亚麻籽玉米食用调和油,热量：883 大卡(每100毫升),http://www.boohee.com/shiwu/fd44c710
Terra Creta/克里特之光 特级初榨橄榄油,热量：814 大卡(每100毫升),http://www.boohee.com/shiwu/fd68fce3
福临门 纯香大豆油(非转基因),热量：883 大卡(每100克),http://www.boohee.com/shiwu/fdbd53be
蜀九香 芝麻调和油,热量：884 大卡(每100毫升),http://www.boohee.com/shiwu/fd4f7af3
La Tourangelle 拉杜蓝乔 拉杜蓝乔 压榨亚麻籽油,热量：884 大卡(每100毫升),http://www.boohee.com/shiwu/fd7f0621
西王智利多 有机亚麻籽油,热量：883 大卡(每100毫升),http://www.boohee.com/shiwu/fd1e8100
长白工坊 有机婴幼儿装亚麻籽油,热量：884 大卡(每100毫升),http://www.boohee.com/shiwu/changbaigongfanghiyoujiyingyou
Balade 低脂黄油,热量：386 大卡(每100克),http://www.boohee.com/shiwu/fd3bbfb7
Lucerne  鲜奶油,热量：300 大卡(每100克),http://www.boohee.com/shiwu/fdc389a0
幸福小农 黑豆油,热量：891 大卡(每100毫升),http://www.boohee.com/shiwu/fd4f7014
欧蒂斯 初榨橄榄油,热量：884 大卡(每100毫升),http://www.boohee.com/shiwu/fd4dd770
可可汇 初榨椰子油,热量：880 大卡(每100毫升),http://www.boohee.com/shiwu/fd65d63f
多美鲜 无盐黄油，又叫suki 无盐黄油,热量：179 大卡(每100克),http://www.boohee.com/shiwu/duomeixianhisukihiwuyanhuangyo
弗朗多 特级初榨橄榄油,热量：884 大卡(每100克),http://www.boohee.com/shiwu/fd50785d
欧丽薇兰 特级初榨橄榄油,热量：884 大卡(每100毫升),http://www.boohee.com/shiwu/fd3ea0de
椰汇 初榨椰子油,热量：883 大卡(每100克),http://www.boohee.com/shiwu/fde111e9
雪印黄油,热量：638 大卡(每100克),http://www.boohee.com/shiwu/xueyinhuangyou
merci chef!/厨师之选 咸味黄油,热量：714 大卡(每100克),http://www.boohee.com/shiwu/fd10cd00
牧森 淡味黄油,热量：752 大卡(每100克),http://www.boohee.com/shiwu/fd17d18a
韭菜炒蛋，又叫韭菜鸡蛋、韭菜炒鸡蛋、野韭菜炒鸡蛋,热量：94 大卡(每100克),http://www.boohee.com/shiwu/jiucaichaojidan2
茶叶蛋，又叫茶叶蛋,热量：136 大卡(每100克),http://www.boohee.com/shiwu/wuxiangchadan
丝瓜炒蛋，又叫丝瓜炒鸡蛋、丝瓜鸡蛋,热量：102 大卡(每100克),http://www.boohee.com/shiwu/siguachaodan
肉丝茭白,热量：90 大卡(每100克),http://www.boohee.com/shiwu/rousijiaobai
鲜虾肠粉，又叫虾仁蒸肠粉,热量：122 大卡(每100克),http://www.boohee.com/shiwu/xiarenzhengchangfen
青椒炒肉片，又叫肉炒青椒、青椒肉片,热量：92 大卡(每100克),http://www.boohee.com/shiwu/roupianchaoqingjiao
五香鸭肉,热量：262 大卡(每100克),http://www.boohee.com/shiwu/wuxiangyarou
土豆烧肉(瘦肉)，又叫土豆红烧肉,热量：173 大卡(每100克),http://www.boohee.com/shiwu/tudoushaorou
清炒苦瓜，又叫辣椒清炒苦瓜,热量：39 大卡(每100克),http://www.boohee.com/shiwu/lajiaochaokugua
炸花生米，又叫花生米,热量：588 大卡(每100克),http://www.boohee.com/shiwu/zhahuashengmi
蜂蜜，又叫石蜜、石饴、食蜜、蜜、白蜜、白沙蜜、蜜糖、蜂糖、百花精、众口芝,热量：321 大卡(每100克),http://www.boohee.com/shiwu/fengmi
白砂糖，又叫白糖、糖、砂糖、石蜜、白霜糖,热量：400 大卡(每100克),http://www.boohee.com/shiwu/baishatang
蜂蜜(槐花),热量：361 大卡(每100克),http://www.boohee.com/shiwu/fengmi_huaihua
红糖，又叫土红糖、红糖,热量：389 大卡(每100克),http://www.boohee.com/shiwu/hongtang
榨菜，又叫鲜榨菜，咸菜,热量：33 大卡(每100克),http://www.boohee.com/shiwu/zhacai
酱油，又叫豉油、酱汁、豉汁,热量：63 大卡(每100克),http://www.boohee.com/shiwu/jiangyou_junzhi
醋，又叫苦酒、淳酢、醯、酢,热量：31 大卡(每100克),http://www.boohee.com/shiwu/cu_junzhi
芝麻酱，又叫麻酱调料,热量：630 大卡(每100克),http://www.boohee.com/shiwu/zhimajiang
腐乳(红)，又叫南乳、酱豆腐,热量：153 大卡(每100克),http://www.boohee.com/shiwu/furu_hong
腐乳(白)，又叫酱豆腐、豆腐乳,热量：135 大卡(每100克),http://www.boohee.com/shiwu/furu_bai
花生酱,热量：600 大卡(每100克),http://www.boohee.com/shiwu/huashengjiang
红豆沙,热量：244 大卡(每100克),http://www.boohee.com/shiwu/hongdousha
辣椒酱，又叫辣椒糊,热量：36 大卡(每100克),http://www.boohee.com/shiwu/lajiaojiang
味精，又叫味素、味之素,热量：268 大卡(每100克),http://www.boohee.com/shiwu/weijing
榨菜(鱼泉牌),热量：51 大卡(每100克),http://www.boohee.com/shiwu/zhacai_yuquanpai
冰糖,热量：397 大卡(每100克),http://www.boohee.com/shiwu/bingtang
鸡精,热量：195 大卡(每100克),http://www.boohee.com/shiwu/jijing
番茄酱，又叫茄汁,热量：83 大卡(每100克),http://www.boohee.com/shiwu/fanqiejiang
绵白糖,热量：396 大卡(每100克),http://www.boohee.com/shiwu/mianbaitang
食盐，又叫盐、盐巴、咸鹾,热量：0 大卡(每100克),http://www.boohee.com/shiwu/jingyan
苹果酱,热量：278 大卡(每100克),http://www.boohee.com/shiwu/pingguojiang
宫岛 橄榄菜,热量：358 大卡(每100克),http://www.boohee.com/shiwu/gongdaoganlancai
辣椒粉,热量：290 大卡(每100克),http://www.boohee.com/shiwu/lajiaofen
蜂蜜(油菜花),热量：338 大卡(每100克),http://www.boohee.com/shiwu/fengmi_youcaihua
利民 蒜蓉辣酱,热量：96 大卡(每100克),http://www.boohee.com/shiwu/suanronglajiang
胡椒粉，又叫白胡椒粉,热量：361 大卡(每100克),http://www.boohee.com/shiwu/hujiaofen
腌雪里蕻，又叫腌雪菜,热量：29 大卡(每100克),http://www.boohee.com/shiwu/axuelihong
草莓酱,热量：270 大卡(每100克),http://www.boohee.com/shiwu/caomeijiang
五香豆豉，又叫大苦、香豉、康伯,热量：270 大卡(每100克),http://www.boohee.com/shiwu/wuxiangdouchi
豆瓣酱(辣油),热量：188 大卡(每100克),http://www.boohee.com/shiwu/doubanjiang_layou
沙拉酱(色拉酱),热量：724 大卡(每100克),http://www.boohee.com/shiwu/shalajiang
豆瓣酱，又叫蚕豆酱,热量：181 大卡(每100克),http://www.boohee.com/shiwu/doubanjiang
豆沙,热量：247 大卡(每100克),http://www.boohee.com/shiwu/dousha
榨菜(正林牌),热量：63 大卡(每100克),http://www.boohee.com/shiwu/zhacai_zhenglinpai
甜面酱，又叫面酱、甜酱,热量：139 大卡(每100克),http://www.boohee.com/shiwu/tianmianjiang
酱黄瓜,热量：26 大卡(每100克),http://www.boohee.com/shiwu/jianghuanggua
千岛沙拉酱，又叫千岛酱、thousand island dressing,热量：475 大卡(每100克),http://www.boohee.com/shiwu/qiandaoshalajiang
雪菜，又叫雪里蕻、雪里红，咸菜,热量：39 大卡(每100克),http://www.boohee.com/shiwu/xuecai
番茄沙司,热量：112 大卡(每100克),http://www.boohee.com/shiwu/fanqieshasi
白醋,热量：6 大卡(每100克),http://www.boohee.com/shiwu/baicu
剁辣椒，又叫剁椒,热量：42 大卡(每100克),http://www.boohee.com/shiwu/duolajiao
咖喱粉，又叫咖喱,热量：341 大卡(每100克),http://www.boohee.com/shiwu/kalifen
香油辣酱,热量：67 大卡(每100克),http://www.boohee.com/shiwu/xiangyoulajiang
酱花生米,热量：367 大卡(每100克),http://www.boohee.com/shiwu/jianghuashengmi
生抽,热量：20 大卡(每100克),http://www.boohee.com/shiwu/shengchou
酱油(三鲜),热量：41 大卡(每100克),http://www.boohee.com/shiwu/jiangyou_sanxian
太古 纯正方糖,热量：400 大卡(每100克),http://www.boohee.com/shiwu/taiguchunzhengfangtang
蒜头(甜)，又叫糖蒜,热量：117 大卡(每100克),http://www.boohee.com/shiwu/suantou_tian
蜂蜜(硬蜜),热量：328 大卡(每100克),http://www.boohee.com/shiwu/fengmi_yingmi
鱼泉榨菜(低盐),热量：57 大卡(每100克),http://www.boohee.com/shiwu/yuquanzhacaihidiyanhi
腌芥菜头，又叫煮芥，煮疙瘩,热量：44 大卡(每100克),http://www.boohee.com/shiwu/ajiecaitou
家乐 牌浓汤宝(牛肉味),热量：184 大卡(每100克),http://www.boohee.com/shiwu/jialepainongtangbao_niurouwei
五香醋,热量：14 大卡(每100克),http://www.boohee.com/shiwu/wuxiangcu
家乐牌浓汤宝(浓滑鱼汤),热量：161 大卡(每100克),http://www.boohee.com/shiwu/jialepainongtangbao_nonghuayutang
黄豆酱油,热量：38 大卡(每100克),http://www.boohee.com/shiwu/huangdoujiangyou
光明奶酪酱(原味),热量：276 大卡(每100克),http://www.boohee.com/shiwu/guangmingnailaojiang_yuanwei
腌韭菜花,热量：17 大卡(每100克),http://www.boohee.com/shiwu/ajiucaihua
花生酱(加巧克力),热量：633 大卡(每100克),http://www.boohee.com/shiwu/huashengjiang_jiaqiaokeli
家乐牌海鲜汤,热量：323 大卡(每100克),http://www.boohee.com/shiwu/jialepaihaixiantang
海会寺白菜豆腐乳,热量：93 大卡(每100克),http://www.boohee.com/shiwu/haihuisibaicaidoufuru
花椒，又叫大椒、蜀椒、点椒,热量：316 大卡(每100克),http://www.boohee.com/shiwu/huajiao
萝卜干，又叫菜脯,热量：67 大卡(每100克),http://www.boohee.com/shiwu/luobogan
Smucker's 盛美家 SMUCKER'S红树莓果酱,热量：250 大卡(每100克),http://www.boohee.com/shiwu/SMUCKERhiShongshumeiguojiang
TEDDIE 花生酱(颗粒),热量：594 大卡(每100克),http://www.boohee.com/shiwu/TEDDIEhiPEANUThiBUTTERhihiCHUNKYhi
牛肉辣瓣酱，又叫牛肉酱，牛肉辣酱,热量：129 大卡(每100克),http://www.boohee.com/shiwu/niuroulabanjiang
腐乳(白，石宝寨牌)[酱豆腐],热量：115 大卡(每100克),http://www.boohee.com/shiwu/furu_bai_shibaozhaipai_jiangdoufu
酱油(多味),热量：86 大卡(每100克),http://www.boohee.com/shiwu/jiangyou_duowei
酱蘑菇,热量：122 大卡(每100克),http://www.boohee.com/shiwu/jiangmogu
酸辣紫菜汤,热量：339 大卡(每100克),http://www.boohee.com/shiwu/suanlazicaitang
八宝菜，又叫如意菜,热量：78 大卡(每100克),http://www.boohee.com/shiwu/babaocai
海鲜酱(阿香婆),热量：492 大卡(每100克),http://www.boohee.com/shiwu/haixianjiang_axiangpo
面包屑,热量：355 大卡(每100克),http://www.boohee.com/shiwu/mianbaoxie
家乐 浓汤宝(老母鸡汤),热量：171 大卡(每100克),http://www.boohee.com/shiwu/jialenongtangbao
葱伴侣大酱 袋装180g,热量：139 大卡(每100克),http://www.boohee.com/shiwu/congbanlvdajiang
喜璐 果爱草莓果酱(无糖)，又叫Helios 果爱草莓果酱（无糖）,热量：105 大卡(每100克),http://www.boohee.com/shiwu/heliosguoaicaomeiguojianghiwutanghi
牛头牌 沙茶酱,热量：757 大卡(每100克),http://www.boohee.com/shiwu/niutoupaishachajiang
黄酱，又叫大豆酱、豆酱、大酱,热量：138 大卡(每100克),http://www.boohee.com/shiwu/huangjiang
腐乳(白，王致和牌)[酱豆腐],热量：153 大卡(每100克),http://www.boohee.com/shiwu/furu_bai_wangzhihepai_jiangdoufu
甜辣黄瓜,热量：102 大卡(每100克),http://www.boohee.com/shiwu/tianlahuanggua
酱油(一级),热量：66 大卡(每100克),http://www.boohee.com/shiwu/jiangyou_yiji
美极 酸辣汤料，又叫Maggi 酸辣汤料,热量：323 大卡(每100克),http://www.boohee.com/shiwu/meijisuanlatangliao
什锦菜,热量：38 大卡(每100克),http://www.boohee.com/shiwu/shijincai
五香粉,热量：359 大卡(每100克),http://www.boohee.com/shiwu/wuxiangfen
香醋,热量：68 大卡(每100克),http://www.boohee.com/shiwu/xiangcu
酱大头菜,热量：41 大卡(每100克),http://www.boohee.com/shiwu/jiangdatoucai
鱼子酱，又叫鱼籽酱,热量：201 大卡(每100克),http://www.boohee.com/shiwu/yuzijiang
鱼泉牌鲜香榨菜,热量：74 大卡(每100克),http://www.boohee.com/shiwu/yuquanpaixianxiangzhacai
家乐 番茄沙司,热量：94 大卡(每100克),http://www.boohee.com/shiwu/jialefanqieshasi
老抽,热量：129 大卡(每100克),http://www.boohee.com/shiwu/laochou
芙蓉鲜蔬汤，又叫芙蓉荟蔬汤,热量：388 大卡(每100毫升),http://www.boohee.com/shiwu/furongxianshutang
腐乳(香辣味),热量：158 大卡(每100克),http://www.boohee.com/shiwu/furu_xianglawei
阿香婆 牛肉酱(),热量：488 大卡(每100克),http://www.boohee.com/shiwu/niuroujiang_axiangpo
红豆馅,热量：261 大卡(每100克),http://www.boohee.com/shiwu/hongdouxian
豆瓣辣酱,热量：73 大卡(每100克),http://www.boohee.com/shiwu/doubanlajiang
麻辣酱,热量：145 大卡(每100克),http://www.boohee.com/shiwu/malajiang
糟豆腐乳，又叫糟乳,热量：157 大卡(每100克),http://www.boohee.com/shiwu/zaodoufuru
广乐香辣咸菜,热量：60 大卡(每100克),http://www.boohee.com/shiwu/guanglexianglaxiancai
腐乳(臭)，又叫臭豆腐、臭腐乳,热量：132 大卡(每100克),http://www.boohee.com/shiwu/furu_chou
酱油(高级),热量：71 大卡(每100克),http://www.boohee.com/shiwu/jiangyou_gaoji
陈醋,热量：114 大卡(每100克),http://www.boohee.com/shiwu/chencu
薄荷健康 薄荷 冻干草莓巧克力,热量：526 大卡(每100克),http://www.boohee.com/shiwu/baohedonggancaomeiqiaokeli
薄荷松仁粽子糖,热量：406 大卡(每100克),http://www.boohee.com/shiwu/baohesongrenzongzitang
巧克力，又叫朱古力,热量：589 大卡(每100克),http://www.boohee.com/shiwu/qiaokeli
冰淇淋，又叫冰激凌、雪糕,热量：127 大卡(每100克),http://www.boohee.com/shiwu/bingqilin
红薯干，又叫地瓜干，甘薯干,热量：338 大卡(每100克),http://www.boohee.com/shiwu/diguagan
培根汉堡(夹熏肉，奶酪，加调料酱),热量：311 大卡(每100克),http://www.boohee.com/shiwu/ganlaohanbaobao_jiaxunrou_jiadiaoliaojiang
绿豆饼，又叫绿豆饼（少糖少油）,热量：122 大卡(每100克),http://www.boohee.com/shiwu/lvdoubing
苏打饼干,热量：408 大卡(每100克),http://www.boohee.com/shiwu/sudabinggan
麻花,热量：527 大卡(每100克),http://www.boohee.com/shiwu/mahua
奶油蛋糕，又叫奶油小方,热量：379 大卡(每100克),http://www.boohee.com/shiwu/naiyoudangao
洋白菜包子,热量：155 大卡(每100克),http://www.boohee.com/shiwu/yangbaicaibaozi
寿司 自制2,热量：105 大卡(每100克),http://www.boohee.com/shiwu/shousi
鱼香茄子,热量：81 大卡(每100克),http://www.boohee.com/shiwu/yuxiangqiezi
核桃酥,热量：369 大卡(每100克),http://www.boohee.com/shiwu/hetaosu
无糖银耳汤，又叫银耳汤,热量：10 大卡(每100毫升),http://www.boohee.com/shiwu/wutangyinertang
蒜拌绿豆芽,热量：39 大卡(每100克),http://www.boohee.com/shiwu/suanbanlvdouya
凉拌海带丝,热量：56 大卡(每100克),http://www.boohee.com/shiwu/liangbanhaidaisi
泡椒凤爪,热量：193 大卡(每100克),http://www.boohee.com/shiwu/paojiaofengzhua
烤鸡翅，又叫烤翅、炸鸡翅尖、翅尖、烧鸡翅根、烤翅根,热量：185 大卡(每100克),http://www.boohee.com/shiwu/kaojichi
青椒炒花菜,热量：58 大卡(每100克),http://www.boohee.com/shiwu/qingjiaochaohuacai
Easy Fun 意式阿拉棒,热量：396 大卡(每100克),http://www.boohee.com/shiwu/fd251529
Easy Fun 0卡果冻(奶咖风味),热量：0 大卡(每100克),http://www.boohee.com/shiwu/fdf33d35
Easy Fun 0卡醉醉冻(酒酿风味),热量：0 大卡(每100克),http://www.boohee.com/shiwu/fd07b5d7
和路雪 轻优蛋白质豆乳雪糕,热量：112 大卡(每100克),http://www.boohee.com/shiwu/fdd2b2b1
和路雪 轻优低脂香草味雪糕,热量：105 大卡(每100克),http://www.boohee.com/shiwu/fd5f7db9
饼干,热量：435 大卡(每100克),http://www.boohee.com/shiwu/binggan_junzhi
蛋糕(黄蛋糕),热量：320 大卡(每100克),http://www.boohee.com/shiwu/dangao_huangdangao
薄荷健康 薄荷 巧克力爆米花,热量：556 大卡(每100克),http://www.boohee.com/shiwu/baoheqiaokelibaomihua
薄荷健康 薄荷 坚果巧克力豆,热量：625 大卡(每100克),http://www.boohee.com/shiwu/baohejianguoqiaokelidou
薄荷健康 薄荷 巧克力咖啡豆,热量：417 大卡(每100克),http://www.boohee.com/shiwu/baoheqiaokelikafeidou
德芙 香浓黑巧克力,热量：542 大卡(每100克),http://www.boohee.com/shiwu/defuxiangnongheiqiaokeli
夹心酥饼,热量：482 大卡(每100克),http://www.boohee.com/shiwu/jiaxinsubing
月饼(五仁),热量：424 大卡(每100克),http://www.boohee.com/shiwu/yuebing_wuren
锅巴(豆香),热量：528 大卡(每100克),http://www.boohee.com/shiwu/guoba_douxiang
锅巴(小米),热量：554 大卡(每100克),http://www.boohee.com/shiwu/guoba_xiaomi
薯片(烧烤味),热量：548 大卡(每100克),http://www.boohee.com/shiwu/shupian_shaokaowei
冰棍,热量：47 大卡(每100克),http://www.boohee.com/shiwu/binggun
板油酥饼,热量：360 大卡(每100克),http://www.boohee.com/shiwu/banyousubing
巧克力(维夫)，又叫朱古力威化,热量：575 大卡(每100克),http://www.boohee.com/shiwu/qiaokeli_weifu
奶糖,热量：407 大卡(每100克),http://www.boohee.com/shiwu/naitang
曲奇饼(加奶油),热量：526 大卡(每100克),http://www.boohee.com/shiwu/quqibing_jianaiyou
酥香兰花豆,热量：419 大卡(每100克),http://www.boohee.com/shiwu/suxianglanhuadou
金色传奇鱿鱼丝(原味),热量：345 大卡(每100克),http://www.boohee.com/shiwu/jinsechuanqiyouyusi
麦当劳 薯条,热量：242 大卡(每100克),http://www.boohee.com/shiwu/maidanglaoshutiao_zhong
雪米饼,热量：463 大卡(每100克),http://www.boohee.com/shiwu/xuemibing
蛋糕(水果)，又叫水果蛋糕、水果裸蛋糕,热量：347 大卡(每100克),http://www.boohee.com/shiwu/dangao_shuiguo
酥糖,热量：436 大卡(每100克),http://www.boohee.com/shiwu/sutang
水晶糖,热量：395 大卡(每100克),http://www.boohee.com/shiwu/shuijingtang
海苔,热量：270 大卡(每100克),http://www.boohee.com/shiwu/haitai
麦当劳 脆薯饼,热量：308 大卡(每100克),http://www.boohee.com/shiwu/maidanglaocuishubing
佳梅 真之话梅,热量：180 大卡(每100克),http://www.boohee.com/shiwu/jiameizhenzhihuamei
月饼(豆沙)，又叫豆沙月饼,热量：411 大卡(每100克),http://www.boohee.com/shiwu/yuebing_dousha
山楂果丹皮,热量：326 大卡(每100克),http://www.boohee.com/shiwu/shanchaguodanpi
蛋糕，又叫蛋糕,热量：348 大卡(每100克),http://www.boohee.com/shiwu/dangao_junzhi
沙琪玛蛋酥,热量：506 大卡(每100克),http://www.boohee.com/shiwu/shaqimadansu
Easy Fun 高蛋白夹心卷(牛奶味),热量：485 大卡(每100克),http://www.boohee.com/shiwu/fd035e08
单层汉堡(单层肉饼，无调料酱),热量：316 大卡(每100克),http://www.boohee.com/shiwu/ganlaohanbaobao_putongxing_jiadancengroubing_wudiaoliaojiang
绿豆糕,热量：351 大卡(每100克),http://www.boohee.com/shiwu/lvdougao
西式蛋糕,热量：316 大卡(每100克),http://www.boohee.com/shiwu/xishidangao
山楂球,热量：371 大卡(每100克),http://www.boohee.com/shiwu/shanchaqiu
百乐宝 巧克力雪糕,热量：174 大卡(每100克),http://www.boohee.com/shiwu/bailebaoqiaokelixuegao
大雪糕,热量：74 大卡(每100克),http://www.boohee.com/shiwu/daxuegao
饼干(苏打夹心),热量：463 大卡(每100克),http://www.boohee.com/shiwu/binggan_sudajiaxin
好丽友 蛋黄派[注心蛋黄派],热量：448 大卡(每100克),http://www.boohee.com/shiwu/haoliyoudanhuangpaihizhuxindanhuangpaihi
和路雪 红豆冰棍 ,热量：91 大卡(每100克),http://www.boohee.com/shiwu/heluxuehongdoubinggunhi
牛奶糖,热量：435 大卡(每100克),http://www.boohee.com/shiwu/niunaitang
太平 梳打饼干海苔口味,热量：485 大卡(每100克),http://www.boohee.com/shiwu/taipingshudabinggan-haitaikouwei
鸡汁味干脆面(面饼+调味料),热量：505 大卡(每100克),http://www.boohee.com/shiwu/jizhiweigancuimian_mianbingdiaoweiliao
蚕豆(炸)，又叫开花豆、胡豆、夏豆、罗汉豆、开花豆,热量：447 大卡(每100克),http://www.boohee.com/shiwu/candou_zha
巧克力(黑)，又叫黑巧克力,热量：516 大卡(每100克),http://www.boohee.com/shiwu/qiaokeli_hei
曲奇饼,热量：546 大卡(每100克),http://www.boohee.com/shiwu/quqibing
蛋糕(巧克力),热量：437 大卡(每100克),http://www.boohee.com/shiwu/dangao_qiaokeli
奶油饼干,热量：431 大卡(每100克),http://www.boohee.com/shiwu/naiyoubinggan
酥皮糕点,热量：429 大卡(每100克),http://www.boohee.com/shiwu/supigaodian
和路雪绿豆妹妹冰棍,热量：120 大卡(每100克),http://www.boohee.com/shiwu/heluxuelvdoumeimeibinggun
面包条(白)，又叫面包条、面包棒,热量：283 大卡(每100克),http://www.boohee.com/shiwu/mianbaotiao_bai
肯德基 薯条，又叫KFC 薯条,热量：298 大卡(每100克),http://www.boohee.com/shiwu/shutiao_kendeji
爆米花,热量：387 大卡(每100克),http://www.boohee.com/shiwu/baomihua
桃酥,热量：483 大卡(每100克),http://www.boohee.com/shiwu/taosu
时兴隆 鱿鱼丝,热量：333 大卡(每100克),http://www.boohee.com/shiwu/shixinglongyouyusi
无糖豆浆,热量：30 大卡(每100克),http://www.boohee.com/shiwu/zizhidoujiang_wutang
赤豆粽子，又叫红豆粽子、红豆粽,热量：184 大卡(每100克),http://www.boohee.com/shiwu/chidouzongzi
红烧鲫鱼，又叫飘香鲫鱼,热量：121 大卡(每100克),http://www.boohee.com/shiwu/hongshaojiyu
荞麦馒头,热量：218 大卡(每100克),http://www.boohee.com/shiwu/zizhiqiaomaimantou
红豆包，又叫豆沙包;豆包;粘豆包,热量：224 大卡(每100克),http://www.boohee.com/shiwu/hongdoubao
水煮鱼片,热量：122 大卡(每100克),http://www.boohee.com/shiwu/shuizhuyupian
水煮花生米,热量：402 大卡(每100克),http://www.boohee.com/shiwu/shuizhuhuashengmi
韭菜虾皮馅饼,热量：156 大卡(每100克),http://www.boohee.com/shiwu/zizhijiucaixiapixianbing
蒜蓉生菜，又叫蒜味生菜，蒜泥生菜,热量：49 大卡(每100克),http://www.boohee.com/shiwu/suanweishengcai
蒜蓉西兰花,热量：69 大卡(每100克),http://www.boohee.com/shiwu/suanrongxilanhua
GBN 美国进口蛋白质粉,热量：407 大卡(每100克),http://www.boohee.com/shiwu/meiguoGBNjinkoudanbaizhifen
花粉(油松)，又叫松花粉,热量：398 大卡(每100克),http://www.boohee.com/shiwu/huafen_yousong
阿拉斯加 康力士乳清蛋白粉(香草味),热量：395 大卡(每100克),http://www.boohee.com/shiwu/alasijiakanglishiruqingdanbaifen_xiangcaowei
菊花(干)，又叫怀菊花、节华、日精、女节、女华、周盈、傅延年、甘菊、真菊、金精、金蕊、馒头菊、甜菊花,热量：242 大卡(每100克),http://www.boohee.com/shiwu/juhua
花粉(荞麦),热量：353 大卡(每100克),http://www.boohee.com/shiwu/huafen_qiaomai
纽崔莱 果蔬纤维素嚼片,热量：488 大卡(每100克),http://www.boohee.com/shiwu/niucuilaiguoshuxianweisujiaopian
阿拉斯加 康力士玫瑰果提取物复合片,热量：402 大卡(每100克),http://www.boohee.com/shiwu/alasijiakanglishimeiguiguotiquwufuhepian
薄荷(鲜)，又叫香花菜、绿薄荷、夜兰香、夜来香、月见草,热量：34 大卡(每100克),http://www.boohee.com/shiwu/baohe_xian
蚕蛹，又叫茧蛹,热量：230 大卡(每100克),http://www.boohee.com/shiwu/canyong
金日 高营养蛋白质粉,热量：197 大卡(每100克),http://www.boohee.com/shiwu/jinripaigaoyingyangdanbaizhifen
麦当劳 麦香鸡,热量：283 大卡(每100克),http://www.boohee.com/shiwu/maidanglao_maixiangji
油面筋，又叫面筋泡、油炸生筋,热量：492 大卡(每100克),http://www.boohee.com/shiwu/youmianjin
千亿朵星光 益生菌含片(酸甜芒果味),热量：379 大卡(每100克),http://www.boohee.com/shiwu/fde63ca9
Easy Fun 阿胶糕(玫瑰型),热量：426 大卡(每100克),http://www.boohee.com/shiwu/fdbce4eb
Easy Fun 益生元龟苓膏,热量：39 大卡(每100克),http://www.boohee.com/shiwu/fd02353b
枸杞，又叫甘杞、贡杞、枸杞子、红耳坠、苟起子、枸杞红实、西枸杞、狗奶子、血枸子、血杞子,热量：258 大卡(每100克),http://www.boohee.com/shiwu/gouqizi
陈皮，又叫橘皮、贵老、红皮、黄橘皮、广橘皮、新会皮,热量：319 大卡(每100克),http://www.boohee.com/shiwu/chenpi
栝楼根粉，又叫栝楼粉、蒌粉、天花粉,热量：397 大卡(每100克),http://www.boohee.com/shiwu/huafen_youcai
葛根，又叫野葛、鹿霍、黄斤、鸡齐根、干葛、甘葛、粉葛、黄葛根,热量：181 大卡(每100克),http://www.boohee.com/shiwu/gegen
阿拉斯加 康力士螺旋藻复合片,热量：335 大卡(每100克),http://www.boohee.com/shiwu/alasijiakanglishiluoxuanzaofuhepian
紫苏(鲜)，又叫赤苏、紫苏叶、白苏、苏、苏叶,热量：51 大卡(每100克),http://www.boohee.com/shiwu/zisu_xian
枣仁,热量：367 大卡(每100克),http://www.boohee.com/shiwu/zaoren
亨氏 牌婴儿营养米粉DHA蔬菜口味，又叫 HEINZ 牌婴儿营养米粉DHA蔬菜口味,热量：365 大卡(每100克),http://www.boohee.com/shiwu/hengshipaiyingeryingyangmifenDHAshucaikouwei
天然元 啤酒酵母复合营养片含B族维生素,热量：120 大卡(每100克),http://www.boohee.com/shiwu/tianranyuanpijiujiaomufuheyingyangpianhanBzuweishengsu
米粉(高蛋白，雀巢 )，又叫米粉（高蛋白，Nestle ）,热量：409 大卡(每100克),http://www.boohee.com/shiwu/mifen_gaodanbai_quechao
米粉(高蛋白，亨氏),热量：375 大卡(每100克),http://www.boohee.com/shiwu/mifen_gaodanbai_hengshi
阿拉斯加 康力士谷物提取物复合片(含全家福多种维生素),热量：210 大卡(每100克),http://www.boohee.com/shiwu/alasijiakanglishiguwutiquwufuhepian_hanquanjiafuduozhongweishengsu
婴儿营养粉,热量：426 大卡(每100克),http://www.boohee.com/shiwu/yingeryingyangfen
Organic Chia Seed 美国纤雅奇异子,热量：536 大卡(每100克),http://www.boohee.com/shiwu/meiguoxianyaqiyizi
婴儿奶糕,热量：345 大卡(每100克),http://www.boohee.com/shiwu/yingernaigao
维维嚼益嚼(葡萄干+花生),热量：411 大卡(每100克),http://www.boohee.com/shiwu/weiweijiaoyijiao_putaoganhuasheng
达能 佳钙牛奶甜酥饼干牛奶口味，又叫Danone 佳钙牛奶甜酥饼干牛奶口味,热量：468 大卡(每100克),http://www.boohee.com/shiwu/danengjiagainiunaitiansubingganniunaikouwei
牛奶饼干,热量：408 大卡(每100克),http://www.boohee.com/shiwu/niunaibinggan
可康 果冻条(苦瓜味)，又叫COCON 果冻条（苦瓜味）,热量：92 大卡(每100克),http://www.boohee.com/shiwu/babaozhou_wutang_wahahapai
旺旺雪饼(香辣味),热量：400 大卡(每100克),http://www.boohee.com/shiwu/wangwangxuebing_xianglawei
薯片(香辣味),热量：555 大卡(每100克),http://www.boohee.com/shiwu/shupian_xianglawei
冰淇淋(脆皮甜筒)，又叫冰淇凌(脆皮甜筒)、冰激凌、冰淇淋、甜筒、圆筒,热量：158 大卡(每100克),http://www.boohee.com/shiwu/bingqiling_cuipitiantong
饼干(咸),热量：496 大卡(每100克),http://www.boohee.com/shiwu/binggan_xian
月饼(枣泥),热量：427 大卡(每100克),http://www.boohee.com/shiwu/yuebing_zaoni
吉百利 怡口莲，又叫 Cadbury 怡口莲,热量：416 大卡(每100克),http://www.boohee.com/shiwu/jibailiyikoulian
巧克力(果仁),热量：511 大卡(每100克),http://www.boohee.com/shiwu/qiaokeli_guoren
鲜桃果汁糖,热量：397 大卡(每100克),http://www.boohee.com/shiwu/xiantaoguozhitang
财记 脆香花生酥,热量：581 大卡(每100克),http://www.boohee.com/shiwu/caijicuixianghuashengsu
德芙 牛奶巧克力和黑巧克力精巧装,热量：543 大卡(每100克),http://www.boohee.com/shiwu/defuniunaiheheiqiaokelijingqiaozhuang
好丽友 蛋黄派(酸奶味),热量：436 大卡(每100克),http://www.boohee.com/shiwu/haoliyouhidanhuangpaihisuannaiweihi
新家园 烤馍锅巴(比萨风味) 75g,热量：400 大卡(每100克),http://www.boohee.com/shiwu/xinjiayuankaomoguobabisafengwei
棒冰,热量：73 大卡(每100克),http://www.boohee.com/shiwu/bangbing_kelebing
大白兔红豆奶糖,热量：400 大卡(每100克),http://www.boohee.com/shiwu/dabaituhongdounaitang
月饼(百寿宴点),热量：435 大卡(每100克),http://www.boohee.com/shiwu/yuebing_baishouyandian
水果味软糖,热量：369 大卡(每100克),http://www.boohee.com/shiwu/shuiguoweiruantang
智神 阿胶蜜枣,热量：314 大卡(每100克),http://www.boohee.com/shiwu/zhishenajiaomizao
蜜麻花,热量：369 大卡(每100克),http://www.boohee.com/shiwu/mimahua
混糖糕点,热量：455 大卡(每100克),http://www.boohee.com/shiwu/huntanggaodian
冰淇淋(巧克力圣代)，又叫冰淇凌(巧克力圣代)、冰激凌、朱古力圣代、冰淇淋,热量：173 大卡(每100克),http://www.boohee.com/shiwu/bingqiling_qiaokelishengdai
思朗 纤麸高纤消化饼,热量：473 大卡(每100克),http://www.boohee.com/shiwu/xianfugaoxianxiaohuabinggan
韩国爆米花,热量：430 大卡(每100克),http://www.boohee.com/shiwu/hanguobaomihua
乐事 薯片鲜浓番茄味,热量：530 大卡(每100克),http://www.boohee.com/shiwu/leshishupianxiannongfanqiewei
月饼(奶油连芸),热量：361 大卡(每100克),http://www.boohee.com/shiwu/yuebing_naiyoulianyun
花生芝麻糖,热量：498 大卡(每100克),http://www.boohee.com/shiwu/huashengzhimatang
德芙 榛仁巧克力,热量：568 大卡(每100克),http://www.boohee.com/shiwu/defuzhenrenqiaokeli
雀巢 米粉( )，又叫米粉（Nestle ）,热量：376 大卡(每100克),http://www.boohee.com/shiwu/mifen_quechao
肉桂，又叫桂皮、牡桂、桂、大桂、筒桂、辣桂、玉桂,热量：278 大卡(每100克),http://www.boohee.com/shiwu/rougui
茯苓，又叫茯苓个、茯苓皮、茯苓块、赤茯苓、白茯苓、茯菟、伏灵、松腴、不死面、云苓、松薯、松苓、松木薯,热量：178 大卡(每100克),http://www.boohee.com/shiwu/fulian
乳儿糕,热量：366 大卡(每100克),http://www.boohee.com/shiwu/ruergao
DHC浓缩膳食纤维粉,热量：194 大卡(每100克),http://www.boohee.com/shiwu/DHCnongsuoshanshixianweifen
罗汉果，又叫假苦瓜、拉汉果、光果木鳖、,热量：246 大卡(每100克),http://www.boohee.com/shiwu/luohanguo
米粉(蔬菜，亨氏),热量：394 大卡(每100克),http://www.boohee.com/shiwu/mifen_shucai_hengshi
枳椇子，又叫万寿果，拐枣,热量：265 大卡(每100克),http://www.boohee.com/shiwu/fddda2aa
光明牌切达原味芝士片，又叫光明奶酪切达原味芝士片,热量：299 大卡(每100克),http://www.boohee.com/shiwu/guangmingpaiqiedayuanweizhishipian
蛇,热量：85 大卡(每100克),http://www.boohee.com/shiwu/she_junzhi
优信 牛乳钙咀嚼片,热量：410 大卡(每100克),http://www.boohee.com/shiwu/fd756a4a
美国克尔 啤酒酵母营养片,热量：170 大卡(每100克),http://www.boohee.com/shiwu/fd4569bf
汤臣倍健 多种维生素矿物质片(女士型),热量：0 大卡(每100克),http://www.boohee.com/shiwu/fda787c5
斯俪魅替餐棒(草莓白巧克力味),热量：369 大卡(每100克),http://www.boohee.com/shiwu/silimeiticanbang_caomeibaiqiao
Rafferty's Garden 巧克力蛋奶冻,热量：101 大卡(每100克),http://www.boohee.com/shiwu/fd49bc06
新食力 有机速食面(胡萝卜口味),热量：372 大卡(每100克),http://www.boohee.com/shiwu/xinshilihiyoujisushimian_huluo
雅培 金装喜康宝星婴儿配方奶粉智护100,热量：503 大卡(每100克),http://www.boohee.com/shiwu/yapeijinzhuangxikangbaoxingyin
科力福 秋梨膏,热量：131 大卡(每100克),http://www.boohee.com/shiwu/fd64a10f
港铧 泡椒臭干子,热量：409 大卡(每100克),http://www.boohee.com/shiwu/fd6bffd6
嘉力缘 黑豆醋参片【清畅】,热量：388 大卡(每100克),http://www.boohee.com/shiwu/fdf15db6
米粉(苹果，雀巢 )，又叫米粉（苹果，Nestle ）,热量：374 大卡(每100克),http://www.boohee.com/shiwu/mifen_pingguo_quechao
花椒叶(干),热量：236 大卡(每100克),http://www.boohee.com/shiwu/huajiaoye_gan
健儿粉,热量：369 大卡(每100克),http://www.boohee.com/shiwu/jianerfen
阿拉斯加 康力士谷物提取物复合片(B族维生素),热量：406 大卡(每100克),http://www.boohee.com/shiwu/alasijiakanglishiguwutiquwufuhepian
红花，又叫黄蓝、红蓝、红蓝花、草红花、刺红花、红花草,热量：220 大卡(每100克),http://www.boohee.com/shiwu/honghua
阿拉斯加 康力士小麦胚芽油软胶囊,热量：588 大卡(每100克),http://www.boohee.com/shiwu/alasijiakanglishixiaomaipeiyayouruanjiaonang
莲子健儿粉,热量：352 大卡(每100克),http://www.boohee.com/shiwu/lianzijianerfen
蜂蛹，又叫蜂胚、蜂仔、蜂胚、峰仔,热量：100 大卡(每100克),http://www.boohee.com/shiwu/fengyong
木榧，又叫园榧,热量：539 大卡(每100克),http://www.boohee.com/shiwu/mufei
优莎娜纤维素(杏仁口味),热量：303 大卡(每100克),http://www.boohee.com/shiwu/youshanaxianweisu_xingrenkouwei
薄荷(干)，又叫蕃荷菜、南薄荷、猫儿薄荷、野薄荷、升阳菜、薄苛,热量：271 大卡(每100克),http://www.boohee.com/shiwu/baohe_gan
甘草，又叫生甘草、粉甘草、甘草梢、甜根子、美草、蜜草、国老、甜草、粉草、蜜甘,热量：280 大卡(每100克),http://www.boohee.com/shiwu/gancao
米粉(胡萝卜，亨氏),热量：386 大卡(每100克),http://www.boohee.com/shiwu/mifen_huluobo_hengshi
冬虫夏草，又叫虫草、冬虫草（甘肃）、夏草冬虫、雅扎贡布（藏语）,热量：292 大卡(每100克),http://www.boohee.com/shiwu/dongchongxiacao
营养乳儿糕,热量：365 大卡(每100克),http://www.boohee.com/shiwu/yingyangruergao
阿拉斯加 康力士牡蛎提取物软胶囊(含钙),热量：326 大卡(每100克),http://www.boohee.com/shiwu/alasijiakanglishimulitiquwuruanjiaonang_hangai
米粉(猪肝蔬菜，亨氏),热量：391 大卡(每100克),http://www.boohee.com/shiwu/mifen_zhuganshucai_hengshi
优莎娜纤维素(水蜜桃芒果),热量：267 大卡(每100克),http://www.boohee.com/shiwu/youshanaxianweisu_shuimitaomangguo
鸡肝蔬菜泥(亨氏),热量：76 大卡(每100克),http://www.boohee.com/shiwu/jiganshucaini_hengshi
米粉(鱼肉蔬菜，亨氏),热量：383 大卡(每100克),http://www.boohee.com/shiwu/mifen_yuroushucai_hengshi
蜂蛹(大黄蜂),热量：109 大卡(每100克),http://www.boohee.com/shiwu/fengyong_dahuangfeng
紫苏(干),热量：295 大卡(每100克),http://www.boohee.com/shiwu/zisu
车前子(鲜)，又叫车轮菜、车前、当道、牛舌、虾蟆衣、牛遗、蛤蚂草、虾膜草、饯贯草、地胆草、白贯草、牛舄、胜舄、马舄,热量：73 大卡(每100克),http://www.boohee.com/shiwu/cheqianzi_xian
砂仁，又叫缩沙蜜、缩砂仁,热量：265 大卡(每100克),http://www.boohee.com/shiwu/sharen
藿香叶(鲜)，又叫兜娄婆香,热量：89 大卡(每100克),http://www.boohee.com/shiwu/hexiangye_xian
蜂蛹(油蜂),热量：669 大卡(每100克),http://www.boohee.com/shiwu/fengyong_youfeng
仙人掌(食用)，又叫风尾??、龙舌、平虑草、老鸦舌、神仙掌、霸王、观音掌、观音刺,热量：15 大卡(每100克),http://www.boohee.com/shiwu/xianrenzhang_shiyong
丁香，又叫公子香、子丁香、支解香、瘦香娇、雄丁香、如宇香、索瞿香、百里馨,热量：359 大卡(每100克),http://www.boohee.com/shiwu/dingxiang
虎杖(鲜),热量：5 大卡(每100克),http://www.boohee.com/shiwu/huzhang_xian
莱菔子，又叫萝卜子、芦菔子,热量：352 大卡(每100克),http://www.boohee.com/shiwu/laifuzi
藿香,热量：264 大卡(每100克),http://www.boohee.com/shiwu/hexiang
李子园 草莓牛奶,热量：34 大卡(每100克),http://www.boohee.com/shiwu/fd9d2939
维维 无添加蔗糖豆奶粉,热量：434 大卡(每100克),http://www.boohee.com/shiwu/fdb387b0
天美健 大豆肽蛋白粉,热量：280 大卡(每100克),http://www.boohee.com/shiwu/fd4579f7
闽贵海蜇丝,热量：8 大卡(每100克),http://www.boohee.com/shiwu/minguihaizhesi
欧普特蒙 白金蛋白粉，又叫ON 白金蛋白粉,热量：359 大卡(每100克),http://www.boohee.com/shiwu/fd99548b
采森 葡萄糖酸锌口服液,热量：0 大卡(每100毫升),http://www.boohee.com/shiwu/fded2dae
嘉康利 大豆蛋白质粉(香草口味),热量：380 大卡(每100克),http://www.boohee.com/shiwu/jiakanglidadoudanbaizhifen_xia
禧贝   禧贝 胡萝卜泥,热量：38 大卡(每100克),http://www.boohee.com/shiwu/fd29e499
自然之家 维生素C泡腾片 (甜橙味),热量：301 大卡(每100克),http://www.boohee.com/shiwu/fd2ec127
白芷，又叫芳香、泽芬、香白芷,热量：324 大卡(每100克),http://www.boohee.com/shiwu/baizhi
决明(鲜)，又叫羊明、马蹄决明、钝叶决明、假绿豆、草决明、还瞳子、狗屎豆,热量：1 大卡(每100克),http://www.boohee.com/shiwu/jueming_xian
建昌明列子,热量：440 大卡(每100克),http://www.boohee.com/shiwu/jianchangmingliezi
蝎子,热量：177 大卡(每100克),http://www.boohee.com/shiwu/xiezi
米粉(胡萝卜，雀巢 )，又叫米粉（胡萝卜，Nestle ）,热量：374 大卡(每100克),http://www.boohee.com/shiwu/mifen_huluobo_quechao
米粉(番茄，亨氏),热量：391 大卡(每100克),http://www.boohee.com/shiwu/mifen_fanqie_hengshi
汤臣倍健 蛋白混合饮料,热量：414 大卡(每100克),http://www.boohee.com/shiwu/tangchenbeijiandanbaihunheyinliao
钙质糕粉,热量：367 大卡(每100克),http://www.boohee.com/shiwu/gaizhigaofen
米粉(蔬菜，雀巢),热量：394 大卡(每100克),http://www.boohee.com/shiwu/mifen_shucai_quechao
高良姜，又叫高凉姜、很姜、蛮姜、小良姜、海良姜,热量：255 大卡(每100克),http://www.boohee.com/shiwu/gaoliangjiang
